ADI_NATRANK,ADI_STATERNK
66.97777777777777,4.355555555555555
51.53448275862069,2.6551724137931036
90.9,7.95
83.41176470588235,6.647058823529412
72.32558139534883,4.906976744186046
93.0,8.88888888888889
83.63157894736842,6.684210526315789
78.37623762376238,5.9405940594059405
86.46666666666667,7.166666666666667
75.84,5.2
80.03125,5.875
93.0,8.666666666666666
84.76,6.96
83.0909090909091,6.2727272727272725
79.0,5.7
72.97222222222223,5.194444444444445
77.77551020408163,5.673469387755102
91.58333333333333,8.25
86.3,7.2
85.4054054054054,7.054054054054054
90.07692307692308,8.23076923076923
73.5909090909091,4.893939393939394
80.4047619047619,6.071428571428571
92.1219512195122,8.463414634146341
82.80357142857143,6.553571428571429
59.48,3.28
88.12903225806451,7.645161290322581
81.85555555555555,6.7
87.47368421052632,7.421052631578948
85.48148148148148,7.148148148148148
83.16666666666667,6.375
95.18181818181819,9.181818181818182
91.73333333333333,8.666666666666666
81.25,6.375
76.65753424657534,5.958904109589041
84.68181818181819,6.795454545454546
67.20987654320987,5.204585537918871
85.33333333333333,7.066666666666666
70.01428571428572,4.728571428571429
80.2258064516129,6.225806451612903
63.886178861788615,4.308943089430894
61.11764705882353,3.5686274509803924
92.81818181818181,8.909090909090908
92.5,8.7
58.88284518828452,3.98326359832636
87.12,7.92
89.0,7.931034482758621
71.60810810810811,4.864864864864865
74.72085889570552,5.766871165644171
87.42857142857143,7.523809523809524
76.95360824742268,6.309278350515464
72.74712643678161,5.137931034482759
96.44444444444444,9.444444444444445
85.61111111111111,7.166666666666667
80.0,6.071428571428571
78.94736842105263,6.052631578947368
80.84444444444445,6.6
61.78333333333333,3.6333333333333333
45.64393939393939,2.340909090909091
96.42857142857143,9.5
81.12068965517241,6.482758620689655
81.83333333333333,6.583333333333333
61.85034013605442,3.945578231292517
83.23333333333333,6.883333333333334
88.83333333333333,8.0
93.46153846153847,8.76923076923077
86.76,7.6
63.0,9.0
43.333333333333336,4.0
34.46192893401015,4.426395939086294
68.3,7.6
44.0,7.0
44.57142857142857,7.0
45.0,7.0
43.0,7.0
64.5,7.5
43.903225806451616,6.370967741935484
40.0,6.0
49.0,8.0
27.0,2.7142857142857144
44.4,6.571428571428571
33.45454545454545,4.181818181818182
33.6,4.2
79.0,10.0
41.60344827586207,6.120689655172414
46.6,6.0
65.8,9.2
66.77777777777777,8.222222222222221
45.0,8.0
56.5,8.625
24.8,2.2
23.0,2.0
55.2,8.8
49.0,8.0
60.0,9.0
92.57142857142857,10.0
91.85714285714286,9.482142857142858
72.33009708737865,8.077669902912621
44.03809523809524,4.466666666666667
68.68888888888888,7.466666666666667
69.62962962962963,8.11111111111111
76.75,8.875
86.88461538461539,9.346153846153847
42.05334307636098,4.560833028863719
66.39506172839506,7.3580246913580245
76.83908045977012,8.459770114942529
57.48583569405099,6.354107648725212
61.672645739910315,6.8475336322869955
71.02777777777777,8.055555555555555
44.83625730994152,4.900584795321637
74.47798742138365,8.320754716981131
81.78571428571429,5.857142857142857
92.0,8.05
76.56666666666666,4.666666666666667
52.81578947368421,2.164473684210526
78.125,5.041666666666667
89.16666666666667,7.25
90.6,7.6
72.25,4.0
94.18181818181819,8.727272727272727
82.70588235294117,5.823529411764706
93.07692307692308,8.23076923076923
77.9047619047619,4.904761904761905
87.5,7.0
87.61111111111111,7.277777777777778
83.0625,5.75
73.55263157894737,4.776315789473684
79.0909090909091,5.363636363636363
83.90697674418605,6.8604651162790695
86.0625,7.0625
93.25,8.25
94.33333333333333,8.833333333333334
83.5,6.444444444444445
66.04166666666667,3.513888888888889
88.66666666666667,7.083333333333333
92.5,8.25
74.3012048192771,4.903614457831325
74.36363636363636,4.454545454545454
79.48387096774194,5.612903225806452
87.45,7.15
84.64,6.52
85.66666666666667,6.666666666666667
83.1,6.4
89.33333333333333,7.666666666666667
93.75,8.625
89.60655737704919,7.819672131147541
84.0625,6.0
96.88888888888889,9.555555555555555
91.875,8.0625
94.22222222222223,8.777777777777779
87.55555555555556,7.111111111111111
89.57142857142857,7.571428571428571
85.76470588235294,6.470588235294118
72.04878048780488,4.365853658536586
82.15384615384616,5.769230769230769
78.47058823529412,5.0
81.08108108108108,6.243243243243243
85.97674418604652,6.953488372093023
93.75,8.5
82.55555555555556,6.0
94.875,9.0
78.5,5.0
92.56,8.52
81.77777777777777,5.888888888888889
92.25,8.5
89.44444444444444,7.666666666666667
91.78260869565217,8.130434782608695
85.375,6.875
77.45,5.5
92.3,8.3
67.73309608540926,4.580071174377224
88.88235294117646,7.470588235294118
95.95454545454545,9.318181818181818
60.371428571428574,2.8285714285714287
88.77777777777777,7.444444444444445
89.1,7.6
77.0873786407767,5.553398058252427
87.18181818181819,6.818181818181818
94.88888888888889,9.11111111111111
78.41666666666667,5.25
84.78571428571429,6.833333333333333
86.23529411764706,7.117647058823529
59.675862068965515,2.9310344827586206
78.2156862745098,5.529411764705882
93.0,9.0
84.11764705882354,6.294117647058823
7.740974729241877,3.226534296028881
24.0,7.0
31.0,8.344827586206897
41.683673469387756,8.795918367346939
32.72222222222222,8.36111111111111
42.15,9.25
12.657223796033994,4.453257790368272
48.411764705882355,9.058823529411764
19.423841059602648,6.178807947019868
50.08253968253968,9.047619047619047
46.333333333333336,9.407407407407407
34.189189189189186,8.468468468468469
60.37837837837838,9.603603603603604
50.0,8.875
55.38013698630137,9.301369863013699
51.51219512195122,9.5
49.3448275862069,9.10344827586207
54.40909090909091,9.590909090909092
13.724753694581281,4.821736453201971
43.81443298969072,9.082474226804123
4.067039106145251,1.9217877094972067
39.6875,9.0625
27.423529411764704,7.658823529411765
43.65217391304348,9.055900621118013
69.6,9.8
28.0,7.533333333333333
16.703125,5.45703125
8.885714285714286,3.7904761904761903
20.810126582278482,6.468354430379747
10.039823008849558,3.9577187807276304
15.512096774193548,5.516129032258065
41.68181818181818,9.045454545454545
31.17514534883721,7.589389534883721
29.143422354104846,7.500494559841741
11.386363636363637,4.659090909090909
35.93492063492064,8.057142857142857
14.617283950617283,5.03358024691358
2.591867469879518,1.5210843373493976
33.23030303030303,7.888888888888889
11.832369942196532,4.728323699421965
3.0100806451612905,1.8487903225806452
14.513245033112582,4.887417218543046
4.742018981880932,2.364106988783434
8.306122448979592,3.6122448979591835
44.6412213740458,9.17557251908397
50.0,10.0
56.111111111111114,9.666666666666666
21.921768707482993,6.782312925170068
11.31578947368421,4.453634085213032
36.42307692307692,8.538461538461538
37.79710144927536,8.710144927536232
52.0,9.590909090909092
43.666666666666664,9.333333333333334
54.52317880794702,9.52980132450331
33.78846153846154,8.615384615384615
13.229299363057326,4.898089171974522
19.350746268656717,6.119402985074627
46.0,9.211538461538462
35.13725490196079,6.248366013071895
71.15384615384616,9.846153846153847
26.47926267281106,5.092165898617512
31.0,6.214285714285714
90.5,10.0
92.0,10.0
14.641255605381167,2.883408071748879
17.020408163265305,3.3469387755102042
27.933333333333334,5.6
65.0,10.0
27.75,5.375
81.33333333333333,10.0
82.0,10.0
91.66666666666667,10.0
43.714285714285715,8.0
47.76,8.52
22.027322404371585,4.287795992714026
62.0,10.0
12.97969543147208,2.446700507614213
13.194444444444445,2.638888888888889
17.88235294117647,3.588235294117647
37.95584988962472,6.867549668874172
56.14705882352941,8.970588235294118
24.923076923076923,4.6923076923076925
22.6,4.4
26.0,5.230769230769231
29.1875,5.6875
37.0,7.0
66.5,9.0
20.907801418439718,4.1891252955082745
91.0,10.0
74.5,10.0
40.5,8.25
21.61764705882353,4.470588235294118
25.130252100840337,5.084033613445378
66.4375,9.5
69.0,10.0
67.05882352941177,9.647058823529411
47.75,8.13
33.0,7.0
60.733333333333334,9.466666666666667
52.69565217391305,8.608695652173912
47.9375,8.25
49.48,8.44
82.85,10.0
18.0,3.8
26.307692307692307,5.461538461538462
57.666666666666664,9.333333333333334
12.071428571428571,2.5714285714285716
80.28571428571429,10.0
67.57333333333334,9.346666666666666
53.714285714285715,9.428571428571429
66.8,9.2
15.125,3.0
74.5,10.0
17.714285714285715,3.7142857142857144
83.0,10.0
11.290322580645162,2.161290322580645
41.10526315789474,7.947368421052632
66.4,10.0
35.58549222797927,6.642487046632124
57.333333333333336,9.0
24.180576631259484,3.4461305007587253
45.52781954887218,6.378947368421053
39.18888888888889,5.566666666666666
33.707317073170735,4.780487804878049
45.26086956521739,6.339774557165861
42.95794392523364,6.140186915887851
38.46078431372549,5.637254901960785
49.47872340425532,7.25531914893617
50.2680412371134,6.639175257731959
43.95792079207921,5.46039603960396
39.41530054644809,4.918032786885246
14.87593984962406,5.484962406015038
62.55921052631579,6.7631578947368425
65.08333333333333,6.916666666666667
59.61206896551724,6.594827586206897
80.47058823529412,8.823529411764707
54.11590296495957,5.7601078167115904
42.40071877807727,4.4177897574123985
89.7,9.5
56.35294117647059,6.092436974789916
70.86,7.85
54.207207207207205,5.900900900900901
29.750943396226415,3.090566037735849
77.83333333333333,8.523809523809524
89.44,9.56
90.63636363636364,9.818181818181818
60.0,6.4423076923076925
67.7,7.410526315789474
47.644067796610166,5.084745762711864
53.9,5.6
87.23529411764706,9.352941176470589
78.0,8.5
92.2,10.0
64.08333333333333,6.833333333333333
91.58333333333333,10.0
83.89473684210526,9.105263157894736
84.91666666666667,9.208333333333334
67.92857142857143,7.589285714285714
81.2375,8.8375
50.73748609566184,5.4171301446051165
90.3125,9.8125
52.13333333333333,5.6571428571428575
85.8,9.314285714285715
70.25,8.0
84.83333333333333,9.166666666666666
61.03954802259887,6.6440677966101696
49.38898756660746,5.273534635879218
59.052083333333336,6.348958333333333
78.97058823529412,8.735294117647058
90.71428571428571,9.714285714285714
91.13333333333334,9.666666666666666
50.57587548638132,5.389105058365759
72.08482142857143,7.875
42.166666666666664,4.4
38.413296398891966,4.050969529085872
14.238805970149254,1.3582089552238805
44.540983606557376,4.786885245901639
46.73170731707317,5.016260162601626
81.86206896551724,8.96551724137931
47.34355828220859,5.0552147239263805
53.31386861313869,5.802919708029197
41.40518134715026,4.36580310880829
67.38,7.296666666666667
53.18922651933702,5.7845303867403315
70.94348894348894,7.813267813267813
85.05357142857143,9.339285714285714
32.624,3.336
58.62176165803109,6.3782383419689115
53.48936170212766,5.829787234042553
40.0655737704918,4.314754098360655
44.46694214876033,4.735537190082645
54.306451612903224,5.774193548387097
81.13333333333334,9.066666666666666
87.21052631578948,9.473684210526315
77.625,8.75
61.267857142857146,6.800595238095238
59.23809523809524,6.904761904761905
53.84615384615385,5.980769230769231
82.875,9.25
90.6875,9.0
95.83333333333333,10.0
92.0,9.333333333333334
87.5,9.0
75.14285714285714,7.0285714285714285
65.15384615384616,6.0
59.333333333333336,5.111111111111111
59.189189189189186,5.202702702702703
88.14285714285714,8.642857142857142
87.8125,9.0
82.52671755725191,8.053435114503817
85.0909090909091,8.454545454545455
88.5,8.7
87.375,8.6875
48.63157894736842,4.0
71.53703703703704,6.7592592592592595
87.44444444444444,8.777777777777779
67.75,6.25
96.4,9.8
62.513513513513516,5.621621621621622
90.0,9.0
65.82894736842105,6.052631578947368
67.14285714285714,6.1020408163265305
88.5,9.125
57.90677966101695,5.309322033898305
91.4,9.4
91.63636363636364,9.227272727272727
36.871428571428574,2.7928571428571427
60.76543209876543,5.37037037037037
96.0,10.0
78.45405405405405,7.605405405405405
94.28571428571429,10.0
39.16274509803922,3.1176470588235294
83.51612903225806,8.258064516129032
89.06818181818181,8.931818181818182
46.86585365853659,3.8902439024390243
87.3125,8.75
45.72,3.6133333333333333
79.44444444444444,7.888888888888889
90.73684210526316,9.157894736842104
78.92307692307692,7.846153846153846
40.266666666666666,3.0
80.69565217391305,7.913043478260869
47.48952380952381,4.180952380952381
88.0,9.0
89.75,9.25
86.8169014084507,8.633802816901408
57.47674418604651,5.0
82.84615384615384,8.23076923076923
87.0,8.333333333333334
56.9,4.975
89.55,9.05
92.88235294117646,9.470588235294118
82.8,8.2
56.111111111111114,4.5
30.940298507462686,2.253731343283582
72.38356164383562,6.876712328767123
24.765765765765767,1.7477477477477477
77.22727272727273,7.5
40.58313253012048,3.6228915662650603
53.7,4.5
90.0,9.0
63.81818181818182,5.954545454545454
72.28205128205128,6.897435897435898
78.0,7.423076923076923
60.1578947368421,6.2631578947368425
45.001795332136446,3.70556552962298
67.35483870967742,6.258064516129032
52.53508771929825,4.535087719298246
93.33333333333333,9.666666666666666
69.23809523809524,6.476190476190476
46.45,3.75
67.84210526315789,6.368421052631579
79.75,7.75
53.86666666666667,4.681481481481481
67.0925925925926,6.2592592592592595
90.25,9.375
52.787234042553195,4.574468085106383
70.4,6.4
91.75,9.416666666666666
90.82352941176471,9.235294117647058
97.75,10.0
93.85714285714286,9.857142857142858
68.61538461538461,6.384615384615385
74.5,7.333333333333333
85.5,8.5
87.71794871794872,8.897435897435898
61.8235294117647,5.588235294117647
73.63636363636364,7.151515151515151
78.71428571428571,7.571428571428571
74.6,7.2
75.59740259740259,7.2727272727272725
56.75,5.0
78.44444444444444,7.611111111111111
65.78571428571429,5.857142857142857
93.5,9.333333333333334
73.44444444444444,6.833333333333333
82.6,8.0
84.57894736842105,8.526315789473685
84.2,8.4
88.33333333333333,8.944444444444445
59.166666666666664,5.333333333333333
86.85714285714286,8.428571428571429
46.30769230769231,3.6153846153846154
79.10714285714286,7.821428571428571
76.98484848484848,7.462121212121212
63.16129032258065,5.758064516129032
29.523809523809526,2.238095238095238
74.46153846153847,7.3076923076923075
53.97752808988764,4.730337078651686
73.47368421052632,7.105263157894737
55.96,4.76
84.0,8.4
54.61538461538461,4.846153846153846
80.4375,7.96875
83.0,8.0
64.2,6.1
96.0,10.0
60.333333333333336,5.333333333333333
95.71428571428571,10.0
79.97350993377484,7.8344370860927155
60.53125,5.40625
76.66666666666667,7.666666666666667
87.73333333333333,9.133333333333333
89.33333333333333,9.333333333333334
78.16666666666667,7.625
78.04347826086956,7.6521739130434785
99.0,10.0
83.54166666666667,8.166666666666666
87.66666666666667,8.666666666666666
96.0,10.0
86.16666666666667,8.777777777777779
92.71428571428571,9.571428571428571
92.33333333333333,9.333333333333334
89.3,9.2
73.15384615384616,7.102564102564102
79.75,7.84375
86.88888888888889,8.777777777777779
47.6,3.8
96.14285714285714,10.0
75.78260869565217,7.369565217391305
93.0,9.333333333333334
92.11111111111111,9.444444444444445
57.421052631578945,5.105263157894737
86.9047619047619,8.80952380952381
76.07272727272728,7.454545454545454
51.627450980392155,4.294117647058823
91.21875,9.3125
96.0,10.0
87.53333333333333,9.066666666666666
81.16666666666667,8.041666666666666
96.0,10.0
98.5,10.0
57.8421052631579,5.368421052631579
72.72727272727273,6.896103896103896
95.33333333333333,9.833333333333334
93.18181818181819,9.454545454545455
95.44444444444444,10.0
84.11764705882354,8.411764705882353
30.2421875,8.6875
10.656634746922025,4.891928864569083
11.479166666666666,6.1875
11.03921568627451,5.490196078431373
35.49085365853659,3.2378048780487805
48.2,5.4
65.85714285714286,7.777777777777778
68.28571428571429,8.285714285714286
63.55555555555556,8.0
61.4375,7.46875
22.05263157894737,1.7894736842105263
48.25,5.125
43.86363636363637,4.431818181818182
56.883116883116884,6.571428571428571
50.666666666666664,5.666666666666667
76.0,10.0
71.0,9.0
53.7,6.030769230769231
66.57142857142857,8.285714285714286
64.52631578947368,7.7368421052631575
83.0,10.0
65.91666666666667,8.75
54.0,6.0
67.94444444444444,8.5
48.5,5.5
61.333333333333336,7.75
55.833333333333336,6.833333333333333
67.38461538461539,8.384615384615385
60.42857142857143,7.785714285714286
50.75,5.625
60.473684210526315,7.368421052631579
36.5959595959596,3.323232323232323
46.666666666666664,5.066666666666666
60.875,7.375
72.0,9.25
69.0,9.0
52.25806451612903,5.967741935483871
67.25,8.5625
54.80555555555556,6.555555555555555
59.0,7.0
68.22222222222223,8.0
60.875,7.6875
70.57142857142857,9.285714285714286
77.82352941176471,9.647058823529411
28.27777777777778,2.111111111111111
59.78947368421053,7.0701754385964914
35.714285714285715,2.857142857142857
69.2,9.0
73.13793103448276,7.258620689655173
96.44444444444444,10.0
73.07692307692308,7.230769230769231
60.096774193548384,5.741935483870968
80.0,8.4
80.4054054054054,8.324324324324325
70.0,7.2
80.83333333333333,8.277777777777779
85.35714285714286,9.142857142857142
66.07534246575342,6.561643835616438
82.08333333333333,8.416666666666666
80.6,8.15
86.1,8.8
67.03846153846153,6.461538461538462
83.11363636363636,8.522727272727273
45.65994454247542,4.385177716158306
84.26315789473684,8.894736842105264
78.81818181818181,8.0
56.421875,5.359375
76.2,7.8
74.52631578947368,7.7368421052631575
30.00485436893204,2.6893203883495147
87.47368421052632,8.947368421052632
88.0,9.0
65.84,6.72
85.31818181818181,9.0
81.8,8.533333333333333
90.70731707317073,9.560975609756097
84.0,8.714285714285714
92.0,9.571428571428571
87.13333333333334,9.0
51.108108108108105,4.891891891891892
78.6,8.1
84.22727272727273,8.727272727272727
89.5,9.5
85.0,8.75
74.42307692307692,7.596153846153846
78.6896551724138,8.10344827586207
81.19607843137256,8.372549019607844
78.61538461538461,8.23076923076923
82.0,8.314285714285715
64.05882352941177,6.529411764705882
65.29629629629629,6.666666666666667
76.4,7.8
44.424615384615386,4.187692307692307
69.20481927710843,6.975903614457831
37.84615384615385,3.4153846153846152
85.78181818181818,8.927272727272728
40.29256594724221,3.9424460431654675
72.32673267326733,7.257425742574258
88.29411764705883,9.294117647058824
70.65714285714286,7.171428571428572
76.0,7.909090909090909
78.55555555555556,8.37037037037037
86.59375,9.0
41.75257731958763,3.902061855670103
63.743589743589745,6.435897435897436
82.54455445544555,8.386138613861386
78.9,8.18
71.73157894736842,7.336842105263158
88.81395348837209,9.186046511627907
79.75,8.083333333333334
86.8,9.25
86.23076923076923,8.846153846153847
58.5,5.5
78.42105263157895,7.947368421052632
43.1578947368421,4.2105263157894735
82.55555555555556,8.518518518518519
79.15151515151516,7.96969696969697
73.85714285714286,7.714285714285714
66.82222222222222,6.822222222222222
74.95890410958904,7.595890410958904
85.95238095238095,8.952380952380953
65.05882352941177,6.411764705882353
88.9,9.0
83.0,9.0
96.14285714285714,10.0
68.0,7.0
79.125,8.21875
81.73333333333333,8.6
75.78947368421052,7.780701754385965
73.35532994923858,7.370558375634518
87.72413793103448,9.172413793103448
70.98882681564245,7.189944134078212
81.33333333333333,8.666666666666666
82.5,8.5
78.92,8.04
85.75,9.0
81.47826086956522,8.26086956521739
66.50561797752809,6.797752808988764
79.75,8.25
88.4090909090909,9.136363636363637
86.78571428571429,9.285714285714286
83.9047619047619,9.047619047619047
71.83333333333333,7.388888888888889
85.84210526315789,8.947368421052632
91.0,9.375
76.44262295081967,7.983606557377049
42.963800904977376,4.126696832579186
78.67272727272727,8.127272727272727
78.0813953488372,7.953488372093023
59.42857142857143,5.964285714285714
71.26666666666667,5.233333333333333
73.11721611721612,5.86080586080586
62.741379310344826,4.189655172413793
83.18181818181819,7.363636363636363
90.0909090909091,8.636363636363637
45.48780487804878,2.682926829268293
51.0,2.3333333333333335
74.10526315789474,5.7894736842105265
84.44736842105263,7.657894736842105
66.63440860215054,4.580645161290323
79.6923076923077,6.846153846153846
77.41379310344827,6.482758620689655
89.1,8.4
72.16666666666667,5.466666666666667
58.5945945945946,3.6216216216216215
68.04761904761905,4.904761904761905
72.88571428571429,5.6
86.64077669902913,7.941747572815534
63.61290322580645,4.32258064516129
68.6734693877551,5.170068027210885
87.64,8.08
60.51851851851852,4.074074074074074
80.73684210526316,6.631578947368421
61.11764705882353,4.0
78.18181818181819,6.363636363636363
74.58064516129032,6.0
82.78181818181818,7.327272727272727
83.25,7.53125
35.905325443786985,1.6745562130177514
54.97674418604651,2.953488372093023
64.83333333333333,4.416666666666667
48.11,2.3
81.38095238095238,6.976190476190476
76.47692307692307,6.338461538461538
79.375,6.6875
75.57142857142857,6.0285714285714285
65.70370370370371,4.37037037037037
85.30434782608695,7.869565217391305
72.8695652173913,5.782608695652174
76.3,6.35
55.576470588235296,3.4352941176470586
83.23809523809524,7.428571428571429
64.01538461538462,4.184615384615385
50.148148148148145,2.7777777777777777
72.30788804071247,5.872773536895674
69.53012048192771,5.168674698795181
74.8,5.775
81.82727272727273,7.1
72.18389261744966,5.951677852348993
69.21052631578948,5.131578947368421
74.6,5.8
83.65714285714286,7.571428571428571
56.54347826086956,3.467391304347826
74.27272727272727,5.818181818181818
61.5,4.0
79.38461538461539,6.769230769230769
72.55555555555556,5.75
67.0,5.0
83.2,7.5
77.84210526315789,6.368421052631579
80.44444444444444,7.055555555555555
78.875,6.9375
80.6923076923077,7.3076923076923075
51.47572815533981,2.8349514563106797
63.666666666666664,4.458333333333333
80.0,6.769230769230769
68.51851851851852,4.925925925925926
84.63333333333334,7.733333333333333
65.6086956521739,4.391304347826087
73.76470588235294,6.0
74.86147186147186,6.207792207792208
81.8,7.45
68.67567567567568,5.054054054054054
73.52631578947368,5.684210526315789
80.36363636363636,6.909090909090909
63.625,4.25
85.38095238095238,7.904761904761905
76.75,6.5
66.75925925925925,4.916666666666667
69.82352941176471,5.117647058823529
74.42857142857143,6.0
75.1523178807947,6.264900662251655
85.66666666666667,7.611111111111111
81.20879120879121,7.153846153846154
78.65625,6.71875
72.77777777777777,5.666666666666667
56.09803921568628,3.372549019607843
76.96,6.28
82.41818181818182,7.254545454545455
70.65384615384616,5.5
75.34482758620689,6.068965517241379
64.26666666666667,4.066666666666666
78.66666666666667,7.333333333333333
85.5,9.0
71.27272727272727,5.545454545454546
89.0,9.2
87.28571428571429,8.714285714285714
61.05555555555556,4.277777777777778
68.44444444444444,5.414141414141414
63.0,4.461538461538462
58.473684210526315,3.789473684210526
65.47368421052632,4.421052631578948
75.3125,6.375
76.5,6.714285714285714
82.6,8.1
71.07692307692308,5.615384615384615
81.2,7.8
60.35,3.85
72.3170731707317,6.170731707317073
73.85714285714286,6.285714285714286
72.75,5.75
74.5,6.75
74.42857142857143,6.285714285714286
72.26315789473684,5.526315789473684
75.6875,6.5625
81.23529411764706,7.705882352941177
38.666666666666664,2.0
73.5,5.625
89.0,9.285714285714286
67.88888888888889,4.944444444444445
77.52,6.8
52.89473684210526,3.210526315789474
59.54430379746835,4.113924050632911
81.2,8.0
82.4090909090909,8.136363636363637
78.82352941176471,7.294117647058823
82.54545454545455,8.090909090909092
77.625,7.0
82.16666666666667,8.0
65.71428571428571,4.428571428571429
69.625,5.25
78.375,7.3125
78.88888888888889,7.222222222222222
83.63157894736842,8.31578947368421
71.64285714285714,6.071428571428571
76.76190476190476,6.761904761904762
78.71428571428571,7.0
80.36363636363636,7.545454545454546
81.85714285714286,8.285714285714286
66.64285714285714,5.071428571428571
71.45454545454545,5.7727272727272725
69.02777777777777,5.361111111111111
77.92307692307692,7.230769230769231
46.81318681318681,2.6043956043956045
69.66666666666667,5.777777777777778
83.6923076923077,8.384615384615385
79.17647058823529,7.294117647058823
80.15,7.55
61.95625,4.425
76.6,6.666666666666667
80.4,7.7
61.30769230769231,4.153846153846154
51.333333333333336,2.8333333333333335
78.85714285714286,7.285714285714286
65.3076923076923,5.230769230769231
76.48780487804878,6.7317073170731705
56.833333333333336,3.8333333333333335
73.0,6.333333333333333
85.5,8.666666666666666
75.625,6.5
80.0909090909091,7.2727272727272725
69.57142857142857,5.742857142857143
77.0,6.733333333333333
80.0,7.5
83.83333333333333,8.333333333333334
77.8,7.4
58.0,3.590909090909091
84.125,8.5
58.506024096385545,4.225903614457831
68.6086956521739,5.771739130434782
67.8125,5.75
78.66666666666667,7.333333333333333
79.5,7.5
62.587786259541986,4.9541984732824424
73.4,6.066666666666666
55.16,3.32
53.51470588235294,3.1323529411764706
75.7,6.85
85.375,8.75
81.0,7.666666666666667
86.55555555555556,9.0
83.97297297297297,8.162162162162161
48.61290322580645,2.5806451612903225
62.526315789473685,4.105263157894737
89.66666666666667,9.333333333333334
80.1891891891892,7.675675675675675
82.84615384615384,8.23076923076923
56.68421052631579,3.6315789473684212
72.22857142857143,6.247619047619048
78.77777777777777,7.222222222222222
86.6923076923077,9.153846153846153
89.53846153846153,8.384615384615385
81.57142857142857,6.571428571428571
80.2,6.533333333333333
90.2,8.6
83.5909090909091,7.2272727272727275
87.21428571428571,7.928571428571429
86.6,7.7
62.09803921568628,4.411764705882353
84.0,7.0
97.0,10.0
91.95238095238095,8.80952380952381
90.0,8.0
89.0,8.0
79.0,6.5
89.4,8.2
72.125,5.25
91.0,9.0
84.25,7.678571428571429
86.0,7.7272727272727275
94.0,9.0
77.3125,6.25
83.33333333333333,7.111111111111111
53.23880597014925,3.4477611940298507
93.0,9.5
97.0,10.0
61.92,4.24
77.6,6.0
67.41379310344827,5.068965517241379
75.51851851851852,6.407407407407407
69.4090909090909,5.318181818181818
73.48275862068965,5.931034482758621
82.0,7.0
93.0,9.0
72.0,5.5
65.5,4.5
79.0,6.0
92.0,8.666666666666666
92.0,9.0
90.33333333333333,8.666666666666666
72.39285714285714,5.392857142857143
83.0,7.0
82.0,7.0
69.18181818181819,5.363636363636363
59.23076923076923,3.8461538461538463
97.0,10.0
35.722727272727276,2.081818181818182
88.0,8.0
82.71428571428571,7.142857142857143
74.0,6.0
89.77777777777777,8.5
93.0,9.0
54.892857142857146,3.8392857142857144
91.0,9.0
81.8,6.9
86.0,8.0
79.16666666666667,6.766666666666667
64.69565217391305,4.608695652173913
85.0,7.666666666666667
81.22222222222223,6.777777777777778
79.0,6.25
52.516129032258064,3.5806451612903225
87.0,8.0
86.46666666666667,7.9
83.5,7.0
89.0,8.0
66.55555555555556,4.888888888888889
87.52941176470588,7.823529411764706
88.0,8.0
90.0,8.0
74.06666666666666,5.8
92.0,9.0
74.66666666666667,6.0
90.33333333333333,8.333333333333334
87.42857142857143,8.0
56.588235294117645,3.6470588235294117
76.625,6.375
81.0,7.0
81.69090909090909,7.181818181818182
91.42857142857143,8.571428571428571
88.75,8.25
56.26923076923077,3.7884615384615383
88.2,7.8
93.0,9.0
83.0,7.0
74.25581395348837,6.255813953488372
72.0,5.0
72.09701492537313,6.074626865671642
79.88235294117646,6.588235294117647
75.76086956521739,6.528985507246377
74.0,6.0
79.33333333333333,7.0
92.5,9.5
90.0,8.5
90.0,9.0
80.0,6.6
80.91666666666667,6.916666666666667
69.57142857142857,5.0
79.0,6.0
63.375,4.625
88.0,8.0
87.57142857142857,8.0
80.0,7.0
87.11111111111111,8.0
93.5,9.0
81.56756756756756,7.3175675675675675
84.5,7.071428571428571
78.625,5.9375
65.5,3.6875
85.25,7.125
80.52631578947368,6.2105263157894735
90.44444444444444,8.11111111111111
96.96,9.64
50.60526315789474,2.75
69.35,4.7
79.3170731707317,6.341463414634147
68.95,4.75
79.0,6.0
98.15384615384616,10.0
80.88888888888889,6.222222222222222
59.5,3.32
87.375,7.75
86.75,7.333333333333333
77.28125,5.84375
59.661764705882355,3.735294117647059
91.2,8.4
84.7,6.9
85.05,7.25
91.07692307692308,8.23076923076923
78.9795918367347,6.163265306122449
66.11538461538461,4.461538461538462
97.05555555555556,9.666666666666666
94.625,9.125
85.7,7.4
87.75,7.625
71.42647058823529,5.161764705882353
87.2,7.4
94.125,9.375
92.92857142857143,8.642857142857142
55.765853658536585,3.5658536585365854
88.0909090909091,7.818181818181818
92.95,8.875
65.08888888888889,3.977777777777778
96.88888888888889,9.444444444444445
72.71428571428571,4.857142857142857
72.93333333333334,5.266666666666667
71.29411764705883,5.0
82.41379310344827,6.724137931034483
82.875,6.666666666666667
92.45454545454545,9.0
78.7,6.1
78.42857142857143,6.0
65.03846153846153,4.153846153846154
96.93939393939394,9.666666666666666
71.86666666666666,5.066666666666666
88.3529411764706,7.9411764705882355
77.12121212121212,5.818181818181818
73.92857142857143,5.357142857142857
90.0,8.0
83.0,7.025
93.81818181818181,8.818181818181818
61.53301127214171,4.3156199677938805
53.87096774193548,3.193548387096774
82.05,6.5
60.56410256410256,3.8632478632478633
97.85714285714286,9.857142857142858
90.0,8.346153846153847
76.53846153846153,5.615384615384615
81.5813953488372,6.627906976744186
94.0,9.071428571428571
98.33333333333333,10.0
96.0,9.5
97.8,9.88
96.9090909090909,9.818181818181818
84.72222222222223,7.111111111111111
88.88888888888889,8.0
81.33333333333333,6.428571428571429
72.0,5.0
74.81481481481481,5.648148148148148
94.07142857142857,9.142857142857142
77.66666666666667,5.666666666666667
66.07246376811594,4.304347826086956
95.5,9.333333333333334
84.13333333333334,7.133333333333334
71.54166666666667,5.0
91.44444444444444,8.555555555555555
74.125,5.625
64.77272727272727,3.8636363636363638
89.66666666666667,8.0
67.9375,4.3125
92.8,8.8
88.38461538461539,8.23076923076923
78.2,6.1
92.0909090909091,8.727272727272727
84.0,7.0344827586206895
62.592592592592595,3.6666666666666665
89.33333333333333,8.0
87.42857142857143,7.761904761904762
30.425,1.325
79.54545454545455,6.181818181818182
95.4,9.4
77.18181818181819,5.818181818181818
90.875,8.5
89.19672131147541,8.229508196721312
83.81818181818181,6.909090909090909
83.17647058823529,7.03921568627451
82.0,7.0
91.57142857142857,8.5
80.3125,6.6875
86.05882352941177,7.529411764705882
52.0,2.869565217391304
51.14705882352941,2.823529411764706
74.14285714285714,5.5
45.2,2.0
75.71428571428571,5.476190476190476
79.0,6.0
67.25,4.5
74.0,5.0
85.66666666666667,7.166666666666667
63.53658536585366,4.219512195121951
77.88888888888889,5.777777777777778
87.52941176470588,7.764705882352941
90.61538461538461,8.461538461538462
86.46428571428571,7.714285714285714
98.14285714285714,10.0
47.21739130434783,2.3043478260869565
74.92307692307692,6.423076923076923
83.23529411764706,7.470588235294118
47.39473684210526,2.8157894736842106
78.10526315789474,6.842105263157895
87.36666666666666,8.2
75.96296296296296,6.518518518518518
96.125,9.8125
66.46428571428571,5.2976190476190474
75.44075829383887,6.644549763033176
67.4968152866242,5.356687898089172
91.33333333333333,9.0
73.66666666666667,6.0
90.125,8.625
95.0625,9.5625
87.94736842105263,8.263157894736842
82.92,7.76
60.94952681388013,4.728706624605678
95.42857142857143,9.428571428571429
68.35714285714286,5.071428571428571
87.52542372881356,8.067796610169491
92.35714285714286,9.142857142857142
83.13333333333334,7.733333333333333
76.93984962406014,6.526315789473684
74.85,6.25
90.14285714285714,8.714285714285714
57.88544891640867,4.157894736842105
83.92307692307692,7.653846153846154
57.794642857142854,4.116071428571429
66.2,5.1066666666666665
77.53846153846153,7.076923076923077
73.25714285714285,6.0
59.154761904761905,4.0476190476190474
89.57142857142857,8.714285714285714
89.24,8.44
78.84210526315789,7.026315789473684
49.459715639810426,3.6492890995260665
75.80869565217391,6.478260869565218
66.21739130434783,5.6521739130434785
68.27777777777777,5.5
72.54368932038835,6.077669902912621
91.125,8.75
87.75,8.3125
88.6923076923077,8.423076923076923
69.6875,5.458333333333333
54.371428571428574,3.6285714285714286
82.0,7.375
64.26315789473684,5.0
68.8,5.533333333333333
80.65277777777777,7.229166666666667
75.45744680851064,6.446808510638298
87.1063829787234,8.27659574468085
48.55345911949686,3.050314465408805
67.82716049382717,5.283950617283951
94.0,9.4
69.2967032967033,5.670329670329671
85.47619047619048,8.0
75.56989247311827,6.473118279569892
75.6086956521739,6.521739130434782
81.06060606060606,7.333333333333333
92.86842105263158,9.210526315789474
56.714285714285715,3.857142857142857
89.63636363636364,8.727272727272727
46.75,3.0
92.8,9.2
62.708333333333336,6.291666666666667
85.32432432432432,9.472972972972974
34.43231441048035,2.532751091703057
67.29411764705883,6.882352941176471
50.46808510638298,4.48936170212766
64.58333333333333,6.583333333333333
48.78947368421053,4.421052631578948
47.484848484848484,4.121212121212121
69.25454545454545,7.327272727272727
70.45217391304348,7.4
81.2,8.85
48.03125,4.0625
79.39583333333333,8.791666666666666
61.411764705882355,6.147058823529412
80.65714285714286,8.914285714285715
39.05921052631579,3.1315789473684212
76.9795918367347,9.673469387755102
24.024024024024023,3.888888888888889
38.92727272727273,6.163636363636364
23.125,3.975
54.59090909090909,8.363636363636363
25.828282828282827,4.494949494949495
40.784615384615385,6.907692307692308
28.651162790697676,4.9186046511627906
57.37931034482759,8.586206896551724
26.77720207253886,4.466321243523316
54.333333333333336,8.166666666666666
31.840236686390533,5.272189349112426
16.593939393939394,2.806060606060606
41.875,7.3125
16.0,2.7480559875583204
31.73921200750469,5.433395872420262
24.21875,4.15625
28.295081967213115,5.049180327868853
75.84210526315789,9.578947368421053
28.73076923076923,5.1923076923076925
51.68627450980392,7.9411764705882355
59.070422535211264,8.774647887323944
43.528301886792455,7.056603773584905
65.7326565143824,8.478849407783418
20.484536082474225,5.154639175257732
49.099236641221374,8.709923664122137
36.67088607594937,7.640506329113924
6.526315789473684,1.5263157894736843
22.89407540394973,5.36983842010772
47.08064516129032,8.870967741935484
56.10606060606061,9.242424242424242
34.43,7.62
13.842243645924627,3.469763365468887
2.3636363636363638,1.0
14.311608961303463,3.804480651731161
23.979411764705883,5.8
15.27027027027027,4.090620031796503
37.94982078853047,7.772401433691757
81.9090909090909,7.545454545454546
74.16666666666667,6.5
58.144578313253014,4.481927710843373
84.58823529411765,7.794117647058823
61.107142857142854,4.821428571428571
85.94117647058823,8.117647058823529
83.57142857142857,7.571428571428571
59.095238095238095,4.571428571428571
80.86315789473684,7.28421052631579
52.88235294117647,3.7058823529411766
68.7956204379562,5.781021897810219
75.7560975609756,6.682926829268292
78.0,6.872881355932203
66.45454545454545,5.454545454545454
58.82142857142857,4.357142857142857
70.1,5.8
75.5625,6.5625
86.60606060606061,7.96969696969697
55.03508771929825,3.9298245614035086
81.1875,7.5625
78.75,6.857142857142857
76.35,6.8
62.127906976744185,4.709302325581396
53.28125,3.84375
79.0570652173913,7.1521739130434785
81.88461538461539,7.346153846153846
90.94736842105263,8.789473684210526
47.06153846153846,3.1846153846153844
83.2,7.857142857142857
75.11904761904762,6.523809523809524
78.78125,7.09375
80.52777777777777,7.333333333333333
70.99555555555555,6.057777777777778
70.53333333333333,5.955555555555556
85.6875,7.96875
86.25,8.0
74.55319148936171,6.404255319148936
72.25190839694656,6.1603053435114505
64.73205741626795,5.363636363636363
76.4375,6.8125
56.696821515892424,4.342298288508557
72.0,6.0
89.08333333333333,8.5
58.421875,4.453125
34.63157894736842,1.8421052631578947
72.07407407407408,6.1234567901234565
39.03846153846154,2.3153846153846156
82.6,7.8
72.78571428571429,6.428571428571429
62.18769230769231,5.006153846153846
74.88461538461539,6.5
67.37704918032787,5.524590163934426
70.9,6.066666666666666
78.42857142857143,6.942857142857143
79.0,7.095238095238095
67.38461538461539,5.569230769230769
78.15384615384616,6.923076923076923
60.375,4.6328125
76.29166666666667,6.833333333333333
83.75,7.833333333333333
77.40845070422536,6.957746478873239
75.32352941176471,6.676470588235294
42.15461847389558,2.9779116465863456
75.95,6.9
86.0,7.954545454545454
91.33333333333333,8.666666666666666
83.36,7.72
87.0909090909091,8.181818181818182
68.8,5.75
49.271186440677965,3.3728813559322033
79.0625,7.1875
83.53571428571429,7.535714285714286
82.84567901234568,7.722222222222222
64.95138888888889,5.243055555555555
74.55357142857143,6.607142857142857
77.275,6.8
72.33333333333333,6.222222222222222
74.375,6.464285714285714
81.08163265306122,7.326530612244898
69.58461538461539,5.8307692307692305
39.03321033210332,2.7306273062730626
75.5678749111585,6.911158493248045
79.0,7.166666666666667
60.73684210526316,7.7894736842105265
40.18081180811808,4.4575645756457565
54.61290322580645,6.806451612903226
65.44444444444444,8.027777777777779
57.10344827586207,6.9655172413793105
79.5,9.5
55.755102040816325,7.020408163265306
66.8,8.36
57.785714285714285,7.071428571428571
27.037037037037038,2.6296296296296298
57.10344827586207,7.103448275862069
73.0,9.416666666666666
38.83783783783784,4.27027027027027
49.55555555555556,5.944444444444445
71.7,9.0
43.833333333333336,5.166666666666667
80.46153846153847,9.384615384615385
53.30508474576271,6.423728813559322
34.42993630573248,3.621019108280255
49.25,6.0
47.03225806451613,5.451612903225806
81.55555555555556,9.666666666666666
62.43478260869565,7.869565217391305
74.93548387096774,8.935483870967742
49.05555555555556,5.916666666666667
71.8,9.0
34.5057251908397,3.8177480916030535
60.07692307692308,7.846153846153846
52.611111111111114,6.777777777777778
45.708333333333336,5.458333333333333
62.644444444444446,7.844444444444444
71.41666666666667,9.083333333333334
62.46666666666667,8.066666666666666
58.23529411764706,7.147058823529412
82.4,10.0
79.57142857142857,9.642857142857142
81.42857142857143,9.714285714285714
58.333333333333336,7.25
55.4,7.0
46.52173913043478,5.695652173913044
80.6,10.0
65.34782608695652,8.304347826086957
57.86206896551724,7.379310344827586
83.0,9.6
73.0,9.0
75.0952380952381,9.142857142857142
55.22727272727273,7.0
61.4,7.85
58.1,7.466666666666667
76.05882352941177,9.029411764705882
66.33333333333333,8.666666666666666
50.95238095238095,6.380952380952381
72.68181818181819,9.181818181818182
79.0,10.0
45.166666666666664,5.4035087719298245
53.35087719298246,6.491228070175438
61.57142857142857,8.0
62.09090909090909,8.045454545454545
79.54545454545455,9.454545454545455
63.375,7.96875
55.25,7.0
45.586666666666666,5.486666666666666
75.0,9.6
76.9375,9.625
76.88235294117646,9.647058823529411
46.43478260869565,5.521739130434782
60.333333333333336,7.666666666666667
68.28571428571429,8.857142857142858
66.13861386138613,8.024752475247524
27.542857142857144,2.5904761904761906
39.528301886792455,4.339622641509434
61.0,7.875
55.663366336633665,6.930693069306931
57.107142857142854,7.178571428571429
61.0,7.7272727272727275
77.08333333333333,9.25
67.68,8.72
86.0,10.0
52.63157894736842,6.7368421052631575
75.2,9.4
60.285714285714285,7.785714285714286
29.42931937172775,3.068062827225131
78.33333333333333,9.333333333333334
70.5,9.0
61.60526315789474,7.7631578947368425
38.470588235294116,4.435294117647059
75.71428571428571,9.642857142857142
89.12903225806451,6.967741935483871
84.58620689655173,6.0344827586206895
91.92307692307692,7.3076923076923075
89.41176470588235,7.0
91.71428571428571,7.285714285714286
88.62962962962963,7.2592592592592595
94.85714285714286,8.357142857142858
84.44444444444444,5.666666666666667
93.8,8.333333333333334
88.55555555555556,6.666666666666667
94.875,8.5
92.0,7.705882352941177
87.58823529411765,6.294117647058823
96.08333333333333,8.958333333333334
85.04166666666667,6.0
95.3125,8.625
58.96,2.65
80.73584905660377,5.415094339622642
90.2,7.2
79.64285714285714,4.642857142857143
88.44444444444444,6.777777777777778
84.26315789473684,6.105263157894737
64.79069767441861,3.116279069767442
68.80628272251309,3.7853403141361257
79.8956043956044,5.917582417582418
98.94444444444444,10.0
97.33333333333333,9.333333333333334
94.0,8.0
86.17647058823529,6.117647058823529
72.26086956521739,4.043478260869565
87.8125,6.8125
96.85714285714286,9.142857142857142
92.83333333333333,8.166666666666666
84.40384615384616,5.788461538461538
95.33333333333333,8.444444444444445
51.95,2.1
61.55555555555556,3.0
80.42424242424242,5.924242424242424
87.27272727272727,6.454545454545454
90.83333333333333,7.388888888888889
71.78688524590164,3.8524590163934427
89.75862068965517,7.758620689655173
83.32142857142857,5.928571428571429
75.9375,4.791666666666667
51.39344262295082,2.5245901639344264
90.36363636363636,7.2272727272727275
78.5,4.961538461538462
86.62068965517241,6.517241379310345
91.36363636363636,7.454545454545454
89.35714285714286,6.857142857142857
89.78947368421052,7.2105263157894735
95.5,9.0
71.03225806451613,3.967741935483871
87.7,7.233333333333333
70.09756097560975,3.658536585365854
84.72727272727273,6.090909090909091
87.66666666666667,6.787878787878788
79.5909090909091,4.636363636363637
88.04761904761905,6.523809523809524
99.0,10.0
61.8421052631579,2.8947368421052633
90.84,7.6
97.66666666666667,9.666666666666666
90.125,7.041666666666667
83.13333333333334,5.666666666666667
78.81818181818181,4.636363636363637
92.04347826086956,7.869565217391305
96.9090909090909,9.454545454545455
71.0,3.588235294117647
88.35,6.9
87.42105263157895,6.526315789473684
85.25,6.125
82.04761904761905,5.285714285714286
88.38461538461539,6.6923076923076925
78.19444444444444,5.111111111111111
90.28301886792453,7.830188679245283
91.70588235294117,8.117647058823529
88.0,6.5
95.0,8.714285714285714
87.88888888888889,6.555555555555555
89.33333333333333,6.833333333333333
90.57142857142857,7.380952380952381
80.18181818181819,7.136363636363637
67.35714285714286,5.071428571428571
86.0,8.142857142857142
86.34782608695652,8.0
77.60714285714286,6.571428571428571
87.08333333333333,8.166666666666666
81.07142857142857,7.285714285714286
81.05263157894737,7.2105263157894735
82.0,7.363636363636363
57.12068965517241,4.129310344827586
77.97260273972603,6.8493150684931505
83.47368421052632,7.5
79.5,7.0
66.13333333333334,4.733333333333333
52.775,3.225
65.74137931034483,4.689655172413793
85.72727272727273,8.0
78.5,6.5
53.15,3.4375
87.71428571428571,8.142857142857142
83.44444444444444,7.888888888888889
56.13461538461539,3.519230769230769
84.28571428571429,7.571428571428571
56.56842105263158,3.8684210526315788
63.94117647058823,4.411764705882353
62.36206896551724,4.413793103448276
70.23076923076923,5.3076923076923075
79.57142857142857,7.0476190476190474
85.66666666666667,8.0
79.26666666666667,6.866666666666666
79.25,7.25
74.875,6.125
82.71428571428571,7.214285714285714
78.18181818181819,6.818181818181818
91.72727272727273,9.121212121212121
61.50684931506849,4.4520547945205475
69.42857142857143,5.428571428571429
86.28571428571429,7.857142857142857
71.5982905982906,6.012820512820513
84.41666666666667,7.75
91.45454545454545,8.818181818181818
80.0952380952381,7.0476190476190474
91.77777777777777,9.11111111111111
86.66666666666667,8.333333333333334
69.66666666666667,5.666666666666667
83.51515151515152,7.606060606060606
91.11111111111111,9.0
68.39354838709677,5.741935483870968
78.71717171717172,6.878787878787879
59.16,4.1066666666666665
65.21052631578948,4.7105263157894735
81.4,7.6
81.56666666666666,7.333333333333333
65.66666666666667,5.0
80.79411764705883,7.264705882352941
89.5,8.5
59.16216216216216,3.945945945945946
82.8125,7.5
78.6923076923077,6.923076923076923
84.94117647058823,7.882352941176471
86.82352941176471,8.0
77.58333333333333,6.833333333333333
71.42857142857143,5.571428571428571
79.14814814814815,7.074074074074074
86.5,8.0
72.1304347826087,5.913043478260869
92.83333333333333,9.333333333333334
67.9090909090909,5.2727272727272725
80.9090909090909,7.181818181818182
77.14285714285714,6.5
72.9047619047619,6.142857142857143
91.23809523809524,9.047619047619047
73.34782608695652,6.217391304347826
77.16666666666667,6.833333333333333
88.3,8.1
62.90909090909091,4.454545454545454
87.0,8.3
90.15789473684211,8.736842105263158
66.8125,5.0625
77.8974358974359,6.6923076923076925
74.65789473684211,6.421052631578948
81.75,7.3125
41.828947368421055,2.3289473684210527
74.27272727272727,6.136363636363637
65.6774193548387,4.774193548387097
80.14285714285714,7.142857142857143
72.8,6.1
82.54545454545455,7.409090909090909
68.38095238095238,5.190476190476191
88.0,8.5
91.92857142857143,9.285714285714286
42.49777777777778,2.2933333333333334
88.4,8.7
58.705882352941174,3.6470588235294117
79.43478260869566,7.1521739130434785
54.899057873485866,4.352624495289367
81.6086956521739,7.565217391304348
90.8,9.0
76.5,7.0
80.77777777777777,7.388888888888889
81.5,7.5
92.14285714285714,9.285714285714286
85.11111111111111,7.962962962962963
60.333333333333336,4.151515151515151
91.375,9.0
70.02173913043478,5.6521739130434785
84.0952380952381,8.0
85.55555555555556,8.11111111111111
54.0,3.64
86.3157894736842,8.210526315789474
88.875,8.6875
67.34782608695652,5.173913043478261
92.0,9.0
84.26315789473684,8.0
73.6742671009772,6.413680781758957
56.6,6.5
72.27272727272727,8.818181818181818
87.5,9.666666666666666
48.6,5.0
39.75,4.0
84.0,10.0
61.391891891891895,7.378378378378378
72.33333333333333,8.666666666666666
61.5,7.357142857142857
64.0,8.0
67.7,8.5
77.55555555555556,8.88888888888889
58.0,7.0
69.4,8.0
36.26190476190476,3.4404761904761907
24.45945945945946,2.0135135135135136
71.0,9.0
80.92857142857143,9.214285714285714
82.0,10.0
46.0,5.0
69.14285714285714,8.142857142857142
39.44444444444444,3.6666666666666665
69.0,8.0
43.51851851851852,4.703703703703703
40.924528301886795,4.169811320754717
85.0,10.0
60.3,7.15
67.0,8.0
36.25,3.125
66.0,8.0
58.6,7.0
37.593023255813954,3.616279069767442
63.2,7.0
40.705882352941174,4.117647058823529
73.0,9.0
74.0,9.0
71.57142857142857,8.571428571428571
71.0,9.0
68.0,7.857142857142857
87.0,10.0
38.65625,3.78125
45.22222222222222,5.0
82.4,9.4
73.0,8.5
51.90909090909091,5.818181818181818
75.5,9.25
68.41666666666667,7.944444444444445
40.57142857142857,4.0
47.0,5.4
57.0,7.0
73.0,9.285714285714286
69.0,8.0
70.5,8.875
85.0,10.0
81.0,10.0
47.48672566371681,5.3097345132743365
71.70370370370371,6.37037037037037
87.875,9.25
77.0,7.0
62.0,5.0
88.0,9.0
72.42857142857143,6.428571428571429
72.54545454545455,6.363636363636363
86.0,9.0
90.0,10.0
60.77142857142857,4.628571428571429
81.66666666666667,8.0
71.42857142857143,6.142857142857143
52.95454545454545,3.8181818181818183
72.22222222222223,6.444444444444445
71.0,6.0
69.57142857142857,5.857142857142857
83.25,8.75
77.28571428571429,7.857142857142857
79.2,7.9
71.75,6.25
78.16666666666667,7.583333333333333
68.07142857142857,5.857142857142857
75.85714285714286,7.571428571428571
73.91304347826087,6.826086956521739
87.0,9.0
81.0,8.0
72.5625,6.65625
59.197505197505194,4.875259875259875
90.0,10.0
78.4,7.2
89.5,9.5
77.0,7.0
89.0,10.0
74.23809523809524,6.9523809523809526
92.0,10.0
80.0,8.0
60.0,4.0
91.0,10.0
67.48936170212765,5.723404255319149
58.666666666666664,4.444444444444445
80.0,8.0
88.0,9.0
91.0,10.0
73.5,6.833333333333333
86.0,9.0
63.333333333333336,5.666666666666667
83.66666666666667,8.5
81.33333333333333,8.333333333333334
61.2,4.8
73.22222222222223,7.111111111111111
91.0,10.0
89.0,10.0
84.33333333333333,8.666666666666666
56.70776255707762,4.465753424657534
67.02777777777777,5.722222222222222
83.0,9.0
90.0,10.0
89.0,10.0
70.7,6.433333333333334
78.0,8.0
84.0,9.0
88.0,9.5
85.0,9.333333333333334
88.8,9.4
65.08333333333333,5.416666666666667
92.0,10.0
74.0,7.0
70.3,6.2
70.0,6.5
62.82142857142857,4.821428571428571
74.8,7.2
81.83333333333333,8.666666666666666
91.5,9.75
86.0,9.0
77.4,7.4
46.758865248226954,3.0851063829787235
54.5625,3.6875
73.94444444444444,6.833333333333333
57.45454545454545,4.181818181818182
90.8,10.0
85.0,9.0
83.0,9.0
69.0,5.666666666666667
89.5,10.0
75.0,7.0
87.66666666666667,9.666666666666666
79.2,8.0
48.470588235294116,3.176470588235294
68.0,6.111111111111111
87.5,9.0
85.0,9.0
69.0909090909091,6.181818181818182
58.25,7.8
46.34411085450346,5.730561970746728
21.647058823529413,2.5294117647058822
51.13157894736842,6.552631578947368
94.0,10.0
63.0,9.0
56.5,7.214285714285714
60.4,7.8
72.5,9.0
50.6,6.525
87.4,10.0
69.33333333333333,8.545454545454545
77.0,9.0
32.99168975069252,4.002770083102493
72.125,9.25
39.142857142857146,5.190476190476191
46.320754716981135,6.433962264150943
43.79245283018868,6.056603773584905
53.482142857142854,7.839285714285714
75.6,9.771428571428572
44.714285714285715,6.376623376623376
38.01045296167247,5.038327526132404
42.04807692307692,5.8173076923076925
26.510416666666668,2.9635416666666665
43.59756097560975,6.182926829268292
58.575,7.975
51.083769633507856,8.219895287958115
17.210459183673468,3.318877551020408
37.98979591836735,6.76530612244898
54.75766016713092,8.270194986072424
29.844660194174757,5.563106796116505
65.41836734693878,9.540816326530612
32.77811550151976,5.825227963525836
41.85353535353536,7.525252525252525
24.097826086956523,4.773913043478261
19.02409638554217,3.602409638554217
42.10843373493976,6.469879518072289
26.9981884057971,5.25
19.784648187633262,3.857142857142857
16.261146496815286,3.3089171974522293
34.74554707379135,6.1679389312977095
32.861333333333334,6.226666666666667
55.93333333333333,8.822222222222223
19.563451776649746,3.989847715736041
33.544642857142854,6.535714285714286
28.200477326968972,5.520286396181384
39.87179487179487,7.256410256410256
55.73348017621145,4.143171806167401
68.2,5.6
81.32692307692308,7.576923076923077
88.95238095238095,8.523809523809524
86.125,8.0
78.5,7.166666666666667
83.0,8.0
72.21794871794872,6.314102564102564
64.25,5.25
79.84,7.12
91.0,9.0
93.0,9.0
90.0,9.0
71.38333333333334,6.033333333333333
61.130434782608695,4.826086956521739
25.823529411764707,1.2352941176470589
90.73684210526316,8.789473684210526
91.31147540983606,8.852459016393443
90.8,9.0
78.8103448275862,7.189655172413793
95.66666666666667,9.666666666666666
65.93103448275862,5.344827586206897
80.75,7.375
53.72941176470588,3.8941176470588235
73.1078431372549,6.294117647058823
83.33333333333333,7.814814814814815
37.372727272727275,2.481818181818182
85.66666666666667,8.083333333333334
83.23076923076923,7.923076923076923
51.03448275862069,3.4482758620689653
83.18181818181819,7.7272727272727275
91.0,9.0
69.54901960784314,5.9411764705882355
51.1948051948052,7.67965367965368
88.68181818181819,9.886363636363637
26.768325791855204,5.630769230769231
76.484375,9.119791666666666
84.42857142857143,9.688311688311689
72.28,8.906666666666666
84.84297520661157,9.520661157024794
78.54320987654322,9.25925925925926
82.1923076923077,9.5
70.12,8.786666666666667
43.93650793650794,7.317460317460317
72.78260869565217,9.021739130434783
71.31481481481481,8.796296296296296
35.629629629629626,6.68724279835391
66.20577164366374,8.46047678795483
58.75,8.125
77.0,9.076923076923077
76.50877192982456,9.140350877192983
72.41176470588235,9.0
56.266666666666666,8.0
57.5,8.25
77.25,9.1
67.67021276595744,8.670212765957446
8.72060993605509,2.5814067879980325
76.27272727272727,9.090909090909092
70.84782608695652,8.891304347826088
68.44444444444444,8.8
67.8721541155867,8.586690017513135
80.44186046511628,9.255813953488373
12.440888888888889,3.576
6.084622383985441,2.0282074613284804
73.74853801169591,8.91812865497076
72.71348314606742,8.752808988764045
65.99472295514512,8.522427440633246
60.212765957446805,8.138297872340425
38.26223776223776,6.734265734265734
81.54838709677419,9.483870967741936
77.6989247311828,9.268817204301076
66.6140350877193,8.56140350877193
22.10958904109589,5.465753424657534
14.015402843601896,3.8122037914691944
55.892561983471076,8.03305785123967
14.449685534591195,4.088050314465409
18.5,4.613636363636363
83.01010101010101,9.656565656565656
37.61077844311377,6.8562874251497
61.74820143884892,8.244604316546763
68.75,9.0
75.36842105263158,8.947368421052632
76.96666666666667,9.333333333333334
79.57446808510639,9.340425531914894
18.684563758389263,4.778523489932886
62.87356321839081,8.333333333333334
73.5111111111111,8.977777777777778
47.758620689655174,7.396551724137931
46.08724832214765,7.389261744966443
50.779661016949156,7.627118644067797
64.6078431372549,8.549019607843137
73.03174603174604,9.047619047619047
16.88061797752809,4.174157303370786
75.72972972972973,9.297297297297296
68.54166666666667,8.625
68.37614678899082,6.10091743119266
74.0,6.875
73.0,6.636363636363637
85.47368421052632,8.578947368421053
70.73076923076923,6.3076923076923075
74.64285714285714,6.857142857142857
73.1,6.75
92.0,9.444444444444445
88.1,8.966666666666667
49.231404958677686,3.9421487603305785
44.73006134969325,3.3006134969325154
78.52542372881356,7.593220338983051
52.925,4.433333333333334
79.98412698412699,7.761904761904762
51.2,3.6
50.03389830508475,3.8813559322033897
81.55555555555556,8.166666666666666
65.93877551020408,5.928571428571429
42.89473684210526,3.43859649122807
71.03703703703704,6.407407407407407
73.16666666666667,6.5
58.5,5.0
78.30263157894737,7.631578947368421
85.65217391304348,8.673913043478262
67.45714285714286,6.142857142857143
74.58333333333333,7.069444444444445
41.3125,2.9375
35.73076923076923,2.3461538461538463
70.59130434782608,6.434782608695652
62.7037037037037,5.333333333333333
86.70175438596492,8.912280701754385
47.76419213973799,3.7991266375545854
89.04255319148936,9.02127659574468
64.68852459016394,5.786885245901639
67.475,6.125
66.97340425531915,6.042553191489362
72.2,6.6
80.88888888888889,8.333333333333334
64.43243243243244,5.702702702702703
89.07692307692308,8.846153846153847
64.71646341463415,5.8567073170731705
88.9,9.06
66.96923076923076,6.015384615384615
59.867924528301884,4.943396226415095
49.333333333333336,3.6533333333333333
88.66666666666667,9.11111111111111
74.28125,6.84375
73.6,6.8
55.80165289256198,4.909090909090909
55.52,4.4
60.84177215189873,5.234177215189874
88.85714285714286,9.142857142857142
72.625,6.8
88.40816326530613,9.020408163265307
59.84313725490196,5.235294117647059
75.27272727272727,7.2727272727272725
62.785714285714285,5.678571428571429
61.11764705882353,5.176470588235294
88.72727272727273,9.409090909090908
44.856443719412724,3.701468189233279
65.9090909090909,5.636363636363637
77.61904761904762,7.428571428571429
51.56944444444444,4.236111111111111
74.49295774647888,7.014084507042254
46.49664429530201,3.7315436241610738
84.28571428571429,8.476190476190476
65.98019801980197,5.8316831683168315
31.076271186440678,2.194915254237288
65.05882352941177,6.117647058823529
67.83333333333333,6.166666666666667
59.333333333333336,4.96969696969697
61.15384615384615,4.923076923076923
72.23076923076923,6.461538461538462
72.14876033057851,6.776859504132231
50.166666666666664,3.7222222222222223
75.66666666666667,7.333333333333333
88.26190476190476,8.928571428571429
92.28865979381443,9.484536082474227
80.15714285714286,7.9714285714285715
70.48387096774194,6.494623655913978
75.75438596491227,7.315789473684211
85.38775510204081,8.653061224489797
90.8,9.4
70.13333333333334,6.4
70.90625,6.5625
76.9047619047619,7.523809523809524
69.1,6.1
52.75,4.28125
85.0,9.0
41.33587786259542,3.213740458015267
85.74285714285715,8.571428571428571
34.21440823327616,2.444253859348199
83.92857142857143,8.571428571428571
92.42857142857143,9.714285714285714
47.166666666666664,3.433333333333333
78.67901234567901,7.617283950617284
75.87272727272727,7.363636363636363
80.92063492063492,8.031746031746032
75.75862068965517,7.586206896551724
66.9,5.9
86.0,10.0
69.08333333333333,7.5
88.57142857142857,10.0
46.0,3.0
59.714285714285715,5.857142857142857
64.5,6.5
69.0,8.0
42.39344262295082,3.180327868852459
46.02459016393443,3.8442622950819674
79.6,9.0
69.0,7.571428571428571
71.0,8.0
45.0,3.0
85.0,10.0
85.0,10.0
65.0,7.0
72.0,8.0
53.672413793103445,5.120689655172414
89.0,10.0
82.0,9.0
77.33333333333333,8.333333333333334
83.0,9.0
79.5,8.75
84.0,9.0
69.0,7.5
90.0,10.0
37.5,2.9166666666666665
55.125,5.625
48.75,4.625
48.85,4.3
59.0,6.166666666666667
84.0,9.0
51.0,5.0
81.0,9.0
71.6,8.2
67.0,7.333333333333333
68.66666666666667,7.333333333333333
68.0,8.0
69.76923076923077,7.615384615384615
87.72727272727273,9.727272727272727
75.0,8.333333333333334
84.0,9.0
91.0,10.0
80.0,9.0
43.888888888888886,3.5185185185185186
77.0,9.0
67.05,7.25
86.0,10.0
62.7,6.6
82.15384615384616,9.0
51.55769230769231,4.6923076923076925
86.4,9.4
38.904761904761905,2.8095238095238093
83.69565217391305,7.304347826086956
78.47727272727273,6.568181818181818
74.54761904761905,5.833333333333333
81.11111111111111,6.822222222222222
74.70731707317073,6.0
64.23684210526316,4.394736842105263
78.6875,6.53125
71.8529411764706,5.294117647058823
62.741573033707866,4.580524344569288
74.76,5.96
69.8529411764706,5.147058823529412
79.48412698412699,6.761904761904762
56.45255474452555,3.5474452554744524
73.5625,5.71875
81.23404255319149,6.9361702127659575
82.96875,7.25
86.52272727272727,7.863636363636363
72.42277140335393,6.030891438658429
75.8076923076923,6.230769230769231
72.48571428571428,5.742857142857143
29.7,1.6454545454545455
70.7741935483871,5.451612903225806
56.42307692307692,3.7115384615384617
78.15384615384616,6.461538461538462
59.57371794871795,4.413461538461538
68.36666666666666,5.066666666666666
78.5,6.230769230769231
40.903225806451616,2.0
58.78151260504202,4.07563025210084
78.2,6.514285714285714
62.192192192192195,4.756756756756757
67.9047619047619,5.190476190476191
80.26923076923077,6.884615384615385
84.23529411764706,7.294117647058823
73.0,5.730769230769231
78.54054054054055,6.378378378378378
72.0,5.782608695652174
48.56,2.96
73.61702127659575,5.808510638297872
81.56666666666666,7.133333333333334
84.93442622950819,7.60655737704918
65.86363636363636,4.704545454545454
61.174193548387095,4.258064516129032
81.71929824561404,7.087719298245614
59.66935483870968,4.193548387096774
69.0,5.384615384615385
68.8989898989899,5.545454545454546
77.72899159663865,6.7100840336134455
57.642857142857146,3.75
81.12796208530806,7.184834123222749
80.82456140350877,7.035087719298246
48.41818181818182,2.6818181818181817
87.56521739130434,8.173913043478262
62.3125,4.40625
67.41379310344827,5.091954022988506
82.75,7.25
76.86198547215497,6.566585956416465
85.53333333333333,7.733333333333333
63.72,4.28
78.55714285714286,6.585714285714285
81.27272727272727,7.2727272727272725
62.09090909090909,4.363636363636363
79.76470588235294,6.9411764705882355
78.28571428571429,6.642857142857143
62.23076923076923,4.435897435897436
78.80952380952381,6.761904761904762
64.47115384615384,4.721153846153846
71.72727272727273,5.757575757575758
62.074074074074076,3.925925925925926
79.34042553191489,6.776595744680851
75.8135593220339,6.271186440677966
75.56896551724138,6.103448275862069
84.17647058823529,7.588235294117647
80.34615384615384,6.903846153846154
65.56410256410257,4.717948717948718
73.12110726643598,5.9342560553633215
70.68444444444444,5.806666666666667
82.91011235955057,7.320224719101123
73.75324675324676,5.857142857142857
43.193548387096776,2.2903225806451615
77.96296296296296,6.555555555555555
87.83333333333333,8.0
43.293577981651374,2.4128440366972477
71.80434782608695,5.565217391304348
63.55,4.475
80.47222222222223,6.888888888888889
64.1685393258427,4.561797752808989
72.68181818181819,5.7272727272727275
89.72222222222223,8.055555555555555
82.0,6.0
85.4,7.0
82.42857142857143,6.285714285714286
76.0,5.470588235294118
83.2,6.7
79.45161290322581,6.129032258064516
88.44444444444444,7.851851851851852
57.300970873786405,3.233009708737864
78.68085106382979,6.170212765957447
78.37142857142857,5.8
88.23529411764706,7.647058823529412
91.5,8.5
59.0462962962963,3.337962962962963
90.33333333333333,8.5
75.50602409638554,5.9397590361445785
89.0,8.333333333333334
81.83333333333333,6.833333333333333
74.12727272727273,5.327272727272727
70.77272727272727,5.136363636363637
80.1025641025641,6.461538461538462
84.25,7.25
83.66666666666667,7.0
76.6,6.0
83.53846153846153,6.923076923076923
69.6086956521739,4.934782608695652
89.75,8.5
89.2,8.0
90.0,8.0
90.5,8.5
86.81818181818181,7.636363636363637
93.15384615384616,8.923076923076923
79.21739130434783,6.608695652173913
94.5,9.166666666666666
86.6,7.5
86.05,7.675
66.0,3.8333333333333335
96.11111111111111,9.444444444444445
90.75,8.5
88.82051282051282,8.025641025641026
78.72,6.0
59.027027027027025,3.7567567567567566
74.85714285714286,5.428571428571429
54.935483870967744,2.5483870967741935
90.36363636363636,8.484848484848484
82.15,6.75
75.0,5.714285714285714
82.35714285714286,6.785714285714286
81.5625,6.59375
75.84615384615384,5.6923076923076925
85.3,7.416666666666667
72.0909090909091,4.909090909090909
87.0,7.833333333333333
90.0,8.3
67.59334298118668,5.0839363241678726
86.66666666666667,7.75
76.6923076923077,5.948717948717949
88.46428571428571,7.964285714285714
84.1875,7.0625
70.98275862068965,4.879310344827586
81.38095238095238,6.595238095238095
74.75757575757575,5.393939393939394
79.18181818181819,6.254545454545455
92.0,8.6
74.0,5.0
61.53448275862069,3.7758620689655173
92.07407407407408,8.777777777777779
87.2258064516129,7.612903225806452
80.13513513513513,6.45945945945946
78.47368421052632,6.2105263157894735
97.33333333333333,9.88888888888889
65.25742574257426,4.706930693069307
65.20408163265306,4.387755102040816
77.26666666666667,6.044444444444444
82.0,6.3
73.2,5.2
72.72222222222223,5.222222222222222
62.5625,9.375
30.58730158730159,4.920634920634921
21.411320754716982,3.211320754716981
36.05555555555556,6.166666666666667
38.65,6.65
54.196969696969695,8.409090909090908
41.45,6.65
41.3,6.65
27.116071428571427,4.339285714285714
55.02173913043478,8.48913043478261
84.0,10.0
68.625,10.0
69.71428571428571,9.142857142857142
25.38888888888889,4.0
38.7972972972973,6.141891891891892
51.611111111111114,7.666666666666667
43.109375,7.0625
63.871428571428574,9.085714285714285
69.33333333333333,10.0
39.88721804511278,6.477443609022556
44.31111111111111,7.4222222222222225
47.41573033707865,7.696629213483146
74.24137931034483,9.793103448275861
41.520833333333336,6.90625
63.2,10.0
22.29209621993127,3.520618556701031
38.59574468085106,6.425531914893617
67.0,10.0
40.41379310344828,6.896551724137931
61.19672131147541,9.19672131147541
55.52,8.72
44.75,8.0
48.36363636363637,8.0
21.97860962566845,3.4679144385026737
64.0,10.0
32.63793103448276,5.396551724137931
48.89393939393939,3.893939393939394
63.79340446168768,5.961202715809893
78.93939393939394,7.666666666666667
69.93430656934306,6.62043795620438
73.19047619047619,7.0
60.723021582733814,5.4784172661870505
75.37614678899082,7.302752293577981
68.35593220338983,6.508474576271187
28.016990291262136,2.0
49.4921875,4.2578125
83.5725806451613,8.330645161290322
92.2,9.4
70.71428571428571,6.785714285714286
45.76,3.76
24.120588235294118,1.7588235294117647
76.475,7.425
83.296875,8.46875
71.82352941176471,7.0
67.51923076923077,6.403846153846154
78.01234567901234,7.691358024691358
51.43827160493827,4.3580246913580245
63.93333333333333,5.964102564102564
47.0736040609137,4.238578680203045
80.88461538461539,8.115384615384615
73.78026905829596,7.170403587443946
80.33684210526316,8.063157894736841
89.66666666666667,9.0
55.86734693877551,4.836734693877551
62.45454545454545,5.909090909090909
74.72222222222223,7.277777777777778
71.16666666666667,6.75
77.17647058823529,7.6911764705882355
80.77272727272727,8.136363636363637
67.3157894736842,6.473684210526316
69.35632183908046,6.655172413793103
49.287709497206706,4.114525139664805
77.59210526315789,7.592105263157895
61.58888888888889,5.633333333333334
55.166023166023166,5.0
75.37269372693727,7.439114391143911
66.69811320754717,6.349056603773585
88.6969696969697,9.151515151515152
77.11818181818182,7.636363636363637
78.1891891891892,7.783783783783784
56.75555555555555,4.962962962962963
30.51909722222222,2.3472222222222223
62.583333333333336,5.583333333333333
49.97607655502392,4.29665071770335
78.25301204819277,7.734939759036145
55.416666666666664,4.694444444444445
64.51704545454545,6.175324675324675
54.327586206896555,4.775862068965517
82.0,8.529411764705882
80.29545454545455,7.954545454545454
60.0,5.310344827586207
79.14084507042253,7.887323943661972
67.875,6.5
62.2,5.85
69.55263157894737,6.815789473684211
56.370370370370374,5.0
83.5576923076923,8.307692307692308
82.04444444444445,8.2
62.946745562130175,5.964497041420119
59.25,5.3125
64.79389312977099,6.103053435114504
60.27272727272727,5.681818181818182
58.51197604790419,5.293413173652695
26.25,2.9722222222222223
40.06086956521739,5.356521739130435
20.614035087719298,2.263157894736842
46.56276150627615,6.541841004184101
25.379746835443036,2.7341772151898733
84.76190476190476,7.619047619047619
71.24137931034483,5.862068965517241
98.88888888888889,10.0
71.81428571428572,5.857142857142857
89.73333333333333,8.6
90.2,8.65
37.3,2.5
56.11304347826087,4.095652173913043
81.91666666666667,7.166666666666667
37.63636363636363,2.6403162055335967
87.84782608695652,8.130434782608695
87.2,8.1
89.26315789473684,8.263157894736842
83.85185185185185,7.555555555555555
84.3225806451613,7.612903225806452
86.85714285714286,8.035714285714286
89.10714285714286,8.428571428571429
51.98823529411764,3.4705882352941178
74.78947368421052,6.315789473684211
78.38095238095238,6.9523809523809526
77.15384615384616,6.663461538461538
63.34,5.2
55.83108108108108,4.14527027027027
79.16981132075472,7.018867924528302
88.33333333333333,8.666666666666666
60.612021857923494,4.448087431693989
68.6842105263158,5.578947368421052
72.14893617021276,5.914893617021277
64.12727272727273,5.163636363636364
83.94736842105263,7.631578947368421
92.11111111111111,9.055555555555555
63.49411764705882,4.952941176470588
78.75,6.875
94.23333333333333,9.333333333333334
93.75,9.291666666666666
77.43333333333334,6.9
65.12068965517241,5.241379310344827
88.35,8.4375
65.38372093023256,5.023255813953488
64.05531914893616,5.251063829787234
79.1875,6.875
70.83333333333333,5.928571428571429
79.85714285714286,7.194805194805195
91.8076923076923,9.153846153846153
94.67647058823529,9.411764705882353
52.96621621621622,3.804054054054054
82.0,8.0
76.05882352941177,7.294117647058823
87.0,9.0
86.5,9.0
60.0,4.565217391304348
61.16129032258065,4.967741935483871
68.5,6.5
71.875,6.875
91.0,10.0
78.0,7.625
81.0,8.0
62.2,5.0
60.63636363636363,4.818181818181818
97.0,10.0
47.142857142857146,2.2857142857142856
67.27777777777777,6.166666666666667
78.33333333333333,8.333333333333334
71.5,6.75
94.0,10.0
84.0,9.0
72.0,6.5
77.0,7.5
87.0,9.0
69.22222222222223,6.0
87.0,9.5
83.0,9.0
58.6,4.4
71.5,6.5
68.0,6.0
80.0,8.0
54.76923076923077,3.769230769230769
76.85714285714286,7.714285714285714
79.0,8.0
96.5,10.0
91.0,10.0
89.0,10.0
74.33333333333333,7.0
57.888888888888886,4.555555555555555
51.1875,3.1875
39.09756097560975,2.1219512195121952
80.0,7.75
63.0,5.0
93.0,10.0
70.0,6.333333333333333
52.611111111111114,3.5
86.0,9.0
55.79259259259259,4.303703703703704
63.0,5.5
99.2,10.0
58.361111111111114,4.805555555555555
79.0,8.0
80.0,8.0
82.08333333333333,8.5
80.0,8.0
81.28571428571429,8.428571428571429
60.0,5.0
100.0,10.0
82.2,8.4
68.5,6.0
51.45454545454545,3.727272727272727
84.33333333333333,9.0
67.38888888888889,6.277777777777778
95.0,10.0
69.33962264150944,5.867924528301887
62.148148148148145,4.814814814814815
88.66666666666667,8.733333333333333
72.66666666666667,6.111111111111111
55.65,4.0125
65.64912280701755,5.350877192982456
82.78787878787878,7.878787878787879
62.5,5.0
86.63636363636364,8.5
79.67567567567568,7.405405405405405
53.666666666666664,3.619047619047619
76.16666666666667,6.75
85.77272727272727,8.181818181818182
87.66666666666667,8.333333333333334
82.5,7.625
68.225,5.65
84.38461538461539,8.0
69.02222222222223,5.7555555555555555
41.238297872340425,2.8297872340425534
87.07692307692308,8.846153846153847
69.46153846153847,5.923076923076923
59.29032258064516,4.32258064516129
80.85185185185185,7.555555555555555
52.26470588235294,3.823529411764706
85.5,8.375
71.78571428571429,6.142857142857143
85.8048780487805,8.365853658536585
74.36842105263158,6.631578947368421
76.05555555555556,6.777777777777778
77.14893617021276,7.212765957446808
85.72727272727273,8.363636363636363
75.29268292682927,6.804878048780488
58.786259541984734,4.721374045801527
91.0,9.333333333333334
88.94736842105263,9.0
82.68181818181819,7.863636363636363
76.94736842105263,6.947368421052632
87.4,8.466666666666667
83.04761904761905,7.904761904761905
85.9,8.4
78.4,7.533333333333333
80.0,7.285714285714286
78.93333333333334,7.066666666666666
83.0,8.0
68.3,5.766666666666667
79.63636363636364,7.363636363636363
57.696245733788395,4.69283276450512
93.0,9.833333333333334
88.04166666666667,8.791666666666666
81.70967741935483,7.870967741935484
86.71428571428571,8.428571428571429
69.0,5.88
54.567567567567565,4.243243243243243
74.0,6.631578947368421
86.47368421052632,8.68421052631579
77.875,7.25
78.11111111111111,7.365079365079365
75.25,6.8
67.5,5.7
59.224137931034484,4.775862068965517
71.66666666666667,6.0
72.88235294117646,6.588235294117647
60.38532110091743,4.81651376146789
50.6,3.6
87.38461538461539,9.0
87.78571428571429,8.714285714285714
81.1875,7.875
84.5,8.25
72.66666666666667,6.333333333333333
79.0,7.538461538461538
68.57777777777778,5.8
76.73684210526316,7.315789473684211
67.19444444444444,5.75
51.170731707317074,3.4634146341463414
47.477987421383645,3.2138364779874213
89.0625,8.8125
66.55555555555556,5.333333333333333
59.850746268656714,4.537313432835821
72.21107784431138,6.726047904191617
67.76923076923077,5.538461538461538
74.8,6.7
73.61261261261261,6.7207207207207205
45.333333333333336,3.139784946236559
67.27777777777777,5.777777777777778
64.0,5.0
75.5,6.714285714285714
75.21428571428571,6.857142857142857
86.0,8.5
81.70370370370371,7.888888888888889
67.62222222222222,5.811111111111111
83.91666666666667,8.25
84.92,8.24
79.23529411764706,7.588235294117647
17.473214285714285,1.2410714285714286
38.58441558441559,2.3506493506493507
80.83783783783784,7.594594594594595
64.58333333333333,5.833333333333333
80.76119402985074,7.731343283582089
63.32,5.6
71.66666666666667,6.666666666666667
60.0,5.0
77.79310344827586,7.379310344827586
52.0,4.190476190476191
88.5,8.5
55.142857142857146,4.857142857142857
51.898305084745765,4.186440677966102
93.0,9.6
86.69565217391305,8.434782608695652
71.20675105485232,6.586497890295359
65.29866666666666,5.982222222222222
38.72727272727273,3.0
56.0,5.0
71.6470588235294,6.352941176470588
78.44155844155844,7.467532467532467
51.97767857142857,4.348214285714286
59.14685314685315,5.2377622377622375
67.45454545454545,5.818181818181818
94.0,10.0
99.0,10.0
81.97058823529412,7.911764705882353
69.35,6.2
51.294117647058826,4.176470588235294
68.48148148148148,6.074074074074074
75.36842105263158,6.894736842105263
82.33333333333333,8.0
86.92546583850931,8.565217391304348
82.45454545454545,7.818181818181818
73.0,6.5
85.37931034482759,8.206896551724139
84.28571428571429,8.428571428571429
50.15,4.15
79.57142857142857,7.457142857142857
83.66666666666667,8.0
76.63636363636364,7.0
99.0,10.0
92.0,9.5
84.45454545454545,8.181818181818182
27.417699115044247,2.015929203539823
96.0,10.0
73.77777777777777,7.111111111111111
40.333333333333336,3.3333333333333335
73.28571428571429,6.785714285714286
81.0,8.0
65.80645161290323,5.967741935483871
75.93478260869566,7.065217391304348
98.0,10.0
85.0,8.0
85.0,8.0
95.16666666666667,9.833333333333334
97.0,10.0
80.0,7.666666666666667
52.99545454545454,4.711688311688311
89.53846153846153,9.076923076923077
86.70588235294117,8.529411764705882
83.0,8.0
32.75635593220339,2.586864406779661
74.41176470588235,6.764705882352941
97.0,10.0
97.75,10.0
90.0,9.0
95.1,9.5
87.05555555555556,8.722222222222221
65.57142857142857,5.932773109243698
94.0,10.0
50.395604395604394,4.21978021978022
77.8,7.423931623931624
60.5,5.230769230769231
89.08333333333333,8.916666666666666
70.89655172413794,6.482758620689655
54.333333333333336,4.555555555555555
92.6,9.6
91.125,9.0
98.0,10.0
39.22802197802198,3.2472527472527473
63.44444444444444,5.555555555555555
74.25,7.0
87.58333333333333,8.583333333333334
69.33333333333333,6.2
50.52059925093633,4.273408239700374
87.4,8.8
35.0,2.5789473684210527
33.0,2.0
65.0,6.0
76.5625,7.0625
81.875,7.625
68.4949494949495,6.303030303030303
73.34,6.91
64.7,6.05
52.65714285714286,4.438095238095238
87.27586206896552,8.586206896551724
96.0,10.0
78.28571428571429,7.714285714285714
77.4,7.2
96.0,10.0
71.34146341463415,6.682926829268292
57.06661916636979,5.181688635553972
76.21818181818182,7.236363636363636
60.0,5.0
93.0,9.333333333333334
43.65765765765766,3.6396396396396398
58.0,5.0
77.39393939393939,7.348484848484849
84.6032028469751,8.309608540925266
75.62962962962963,7.333333333333333
84.88235294117646,8.176470588235293
53.77777777777778,4.694444444444445
76.17857142857143,7.035714285714286
86.78947368421052,8.68421052631579
78.76923076923077,7.461538461538462
98.0,10.0
70.64814814814815,6.537037037037037
84.04545454545455,8.227272727272727
76.0,7.0
83.83333333333333,8.333333333333334
76.27272727272727,7.181818181818182
82.85714285714286,7.892857142857143
78.58571428571429,7.6380952380952385
93.8,9.2
86.58823529411765,8.588235294117647
60.26086956521739,5.358695652173913
87.46666666666667,8.666666666666666
80.5,7.6
59.03174603174603,5.190476190476191
24.88888888888889,1.7037037037037037
89.0,9.0
55.13513513513514,4.702702702702703
63.0,6.0
92.0,9.0
82.8076923076923,7.961538461538462
96.5,10.0
82.3,7.925
92.16666666666667,9.25
62.75,5.5625
86.4,8.4
60.888888888888886,5.555555555555555
64.57142857142857,5.5
78.0625,7.5
77.0,7.254901960784314
81.57894736842105,7.894736842105263
77.0,7.5
83.9090909090909,8.272727272727273
54.63157894736842,4.7368421052631575
70.2122641509434,6.6084905660377355
86.25,8.75
84.0,8.2
72.77058823529411,6.841176470588235
74.0,7.0
75.22222222222223,7.0
88.63636363636364,9.0
68.0,6.5
50.5,4.5
77.17647058823529,7.4411764705882355
86.32432432432432,8.513513513513514
66.53125,6.09375
89.0,9.0
45.52252252252252,3.774774774774775
79.5,7.55
71.0,6.4
89.33333333333333,9.333333333333334
74.76190476190476,7.095238095238095
45.144615384615385,3.873846153846154
80.77777777777777,7.833333333333333
87.14285714285714,8.785714285714286
95.0,10.0
76.72340425531915,7.297872340425532
80.03448275862068,7.758620689655173
91.5,9.357142857142858
88.76470588235294,8.823529411764707
69.42205323193916,6.517110266159696
79.55555555555556,8.0
77.0,7.0
73.34782608695652,6.971014492753623
74.91304347826087,7.043478260869565
78.28571428571429,7.428571428571429
45.04054054054054,3.7027027027027026
78.22222222222223,7.555555555555555
82.13333333333334,8.0
77.93617021276596,7.446808510638298
82.75257731958763,8.24742268041237
84.5,8.0
71.77777777777777,6.666666666666667
59.01923076923077,5.278846153846154
80.0,8.0
76.0,7.0
89.8,8.8
79.27272727272727,7.636363636363637
87.0,8.5
70.0,6.0
73.14285714285714,7.071428571428571
30.491525423728813,2.2542372881355934
86.0,8.4
71.25,6.7
84.27272727272727,8.090909090909092
92.33333333333333,9.333333333333334
75.27272727272727,7.181818181818182
75.42857142857143,7.224489795918367
78.6,7.8
90.0,9.0
84.0,8.615384615384615
82.0,8.0
90.36842105263158,9.052631578947368
83.0,8.0
65.13333333333334,5.9818181818181815
52.714285714285715,4.285714285714286
93.84444444444445,9.6
88.2,8.8
89.0,9.0
92.0,9.0
79.0,8.0
93.57142857142857,9.428571428571429
52.22231473771857,4.577019150707743
73.69369369369369,7.081081081081081
88.0,8.916666666666666
96.0,10.0
82.0,7.958333333333333
70.83673469387755,6.785714285714286
29.009358288770052,2.3622994652406417
85.82352941176471,8.411764705882353
86.82352941176471,8.882352941176471
67.0625,6.1875
86.66666666666667,8.666666666666666
84.23809523809524,8.380952380952381
77.72972972972973,7.54054054054054
68.41025641025641,6.358974358974359
70.5072463768116,6.594202898550725
72.9,6.833333333333333
55.0,5.038461538461538
78.4,7.4
53.75,4.678571428571429
78.2816091954023,7.637931034482759
71.68571428571428,6.771428571428571
87.0,8.2
81.01834862385321,7.908256880733945
93.0,9.454545454545455
95.71428571428571,9.714285714285714
34.875389408099686,2.7570093457943927
51.12903225806452,4.161290322580645
81.11111111111111,8.0
53.69230769230769,4.6923076923076925
70.71428571428571,6.742857142857143
63.833333333333336,5.666666666666667
76.5,7.4375
89.78571428571429,9.142857142857142
93.22222222222223,9.555555555555555
55.0,8.5
48.38095238095238,7.857142857142857
45.93589743589744,7.166666666666667
72.66666666666667,10.0
60.0,10.0
31.28125,4.635416666666667
57.416666666666664,9.083333333333334
71.55555555555556,10.0
61.2,10.0
45.0,6.75
51.30555555555556,8.305555555555555
41.77777777777778,7.0
49.57142857142857,7.857142857142857
59.54545454545455,9.363636363636363
19.5,2.1666666666666665
70.0,10.0
51.0,8.0
31.76278409090909,4.755681818181818
72.54545454545455,9.727272727272727
54.78947368421053,9.052631578947368
61.35294117647059,9.647058823529411
12.114285714285714,2.057142857142857
43.1578947368421,6.631578947368421
56.78260869565217,8.956521739130435
30.71144278606965,4.659203980099503
19.19047619047619,2.5714285714285716
36.795698924731184,5.935483870967742
51.0,8.5
44.775757575757574,7.012121212121212
40.0,3.586206896551724
50.77142857142857,5.857142857142857
61.57692307692308,8.115384615384615
32.5607476635514,2.635514018691589
75.16666666666667,9.5
50.945945945945944,5.837837837837838
35.5,3.0
47.93333333333333,5.733333333333333
51.541666666666664,6.333333333333333
64.57692307692308,8.384615384615385
59.0,7.483333333333333
46.84905660377358,5.188679245283019
51.77777777777778,6.266666666666667
49.114754098360656,5.852459016393443
65.2258064516129,8.129032258064516
26.85,3.8625
79.46666666666667,9.2
49.333333333333336,6.555555555555555
64.9090909090909,8.045454545454545
67.33333333333333,8.25
9.784615384615385,1.7025641025641025
49.320754716981135,6.622641509433962
62.0,7.6
50.89090909090909,6.5636363636363635
80.4,9.6
47.69230769230769,6.3076923076923075
80.78571428571429,9.642857142857142
95.1304347826087,9.91304347826087
75.63636363636364,9.090909090909092
69.4,8.52
47.22222222222222,6.222222222222222
83.8,9.56
60.0,7.666666666666667
78.3,9.3
40.95522388059702,5.537313432835821
23.363636363636363,3.4545454545454546
68.0,8.0
31.96153846153846,4.269230769230769
65.5,8.375
94.25,10.0
54.94444444444444,7.277777777777778
55.666666666666664,7.333333333333333
12.47172619047619,2.0580357142857144
19.238095238095237,2.880952380952381
63.833333333333336,8.166666666666666
43.4,5.933333333333334
57.65853658536585,7.219512195121951
37.25925925925926,5.2407407407407405
73.26666666666667,8.733333333333333
43.73913043478261,6.0
25.533333333333335,3.7333333333333334
85.57142857142857,9.714285714285714
44.833333333333336,6.166666666666667
78.42857142857143,9.428571428571429
80.53333333333333,9.466666666666667
32.854838709677416,4.758064516129032
42.90909090909091,5.714876033057851
86.66666666666667,9.777777777777779
66.0,8.0
38.32,5.2
29.795454545454547,4.113636363636363
49.8,6.4
27.466666666666665,4.066666666666666
48.54545454545455,6.636363636363637
46.333333333333336,6.333333333333333
92.43478260869566,10.0
11.933333333333334,1.912820512820513
45.333333333333336,6.0
79.0,9.222222222222221
41.0,5.857142857142857
40.0,5.625
68.72413793103448,8.275862068965518
41.333333333333336,5.416666666666667
45.08196721311475,6.081967213114754
48.833333333333336,6.5
30.333333333333332,4.25
54.84615384615385,6.923076923076923
48.76923076923077,6.153846153846154
70.07142857142857,8.642857142857142
39.94736842105263,5.473684210526316
64.52380952380952,7.904761904761905
78.375,9.375
78.20408163265306,9.224489795918368
31.066666666666666,4.4
67.33333333333333,8.5
48.95238095238095,6.666666666666667
22.81985294117647,3.426470588235294
67.6896551724138,8.275862068965518
24.0,3.6666666666666665
54.8,7.0
49.732142857142854,6.589285714285714
56.55555555555556,7.222222222222222
48.92857142857143,6.5
90.3103448275862,9.862068965517242
85.47368421052632,9.842105263157896
51.689655172413794,6.793103448275862
86.89655172413794,9.758620689655173
58.18181818181818,7.545454545454546
32.10843373493976,4.566265060240964
22.155844155844157,3.2987012987012987
54.57142857142857,7.571428571428571
80.66666666666667,9.555555555555555
84.64864864864865,9.64864864864865
43.857142857142854,6.071428571428571
67.45945945945945,8.35135135135135
55.0,7.235294117647059
89.46153846153847,9.846153846153847
73.20833333333333,9.041666666666666
27.65,3.925
16.16923076923077,2.5153846153846153
83.86666666666666,9.333333333333334
81.2,9.4
32.714285714285715,4.685714285714286
39.07746478873239,5.394366197183099
60.583333333333336,7.75
95.0,10.0
88.30555555555556,9.666666666666666
81.57142857142857,9.428571428571429
10.294117647058824,2.0
5.0,1.0
73.0,8.5
26.263157894736842,3.8421052631578947
85.14285714285714,10.0
58.5,7.54
50.70967741935484,6.774193548387097
80.11764705882354,9.235294117647058
49.0,7.0
69.73076923076923,8.51923076923077
28.4,4.12
34.44444444444444,5.0
88.2,9.466666666666667
61.699186991869915,7.634146341463414
51.691489361702125,6.73936170212766
95.0,10.0
84.80645161290323,9.419354838709678
25.6,4.1
64.92405063291139,8.08860759493671
66.9,8.1
52.50828729281768,6.6353591160221
71.23376623376623,8.363636363636363
52.73684210526316,7.052631578947368
63.05263157894737,8.0
42.035714285714285,5.654761904761905
36.629746835443036,5.0854430379746836
65.23529411764706,8.058823529411764
35.333333333333336,5.0
46.2,6.24
67.8,9.8
58.61904761904762,9.0
45.38059701492537,7.813432835820896
34.483870967741936,6.564516129032258
45.4,7.923076923076923
28.41346153846154,5.637820512820513
53.0,9.0
49.62222222222222,8.344444444444445
41.0,7.32258064516129
64.5,9.625
51.24074074074074,8.38888888888889
67.0,10.0
57.89473684210526,9.070175438596491
61.75757575757576,9.363636363636363
25.174603174603174,5.015873015873016
31.32,6.04
13.54032786885246,2.825573770491803
26.891304347826086,5.331521739130435
37.2,7.266666666666667
46.05263157894737,8.0
51.96774193548387,8.82258064516129
58.27272727272727,9.181818181818182
45.61818181818182,8.10909090909091
57.325581395348834,8.86046511627907
61.041666666666664,9.541666666666666
46.857142857142854,8.357142857142858
30.463696369636963,6.016501650165017
14.5,2.888888888888889
31.258064516129032,6.172043010752688
31.444444444444443,6.444444444444445
19.768421052631577,4.080701754385965
48.66391184573003,8.121212121212121
53.31578947368421,8.657894736842104
33.11666666666667,6.461111111111111
49.0,9.0
49.18604651162791,8.395348837209303
29.1640625,5.8203125
46.125,8.0625
59.987878787878785,9.157575757575758
85.5,6.75
56.064935064935064,2.1818181818181817
90.29411764705883,8.117647058823529
87.92307692307692,7.384615384615385
83.36842105263158,6.368421052631579
78.68181818181819,5.625
88.5,7.5
92.57142857142857,8.714285714285714
76.0,4.0
86.97142857142858,6.942857142857143
90.625,8.0
73.8,4.4
80.87878787878788,6.090909090909091
69.46153846153847,3.6923076923076925
84.0,6.3076923076923075
74.53846153846153,4.230769230769231
76.1,5.333333333333333
76.95652173913044,5.0
41.375,1.375
79.16279069767442,5.941860465116279
81.4,6.133333333333334
89.04761904761905,7.857142857142857
88.58064516129032,7.548387096774194
99.85714285714286,10.0
75.43333333333334,5.033333333333333
79.0,5.5
83.27272727272727,6.2727272727272725
86.5,7.0625
71.15,4.1
94.44,9.52
51.8125,1.9166666666666667
82.16666666666667,5.916666666666667
60.4375,2.8125
88.66666666666667,7.666666666666667
77.8125,5.666666666666667
76.0,4.75
79.33333333333333,5.333333333333333
83.6,6.4
77.0,5.242424242424242
62.05,3.0
81.32727272727273,6.127272727272727
81.11111111111111,5.962962962962963
86.36363636363636,6.818181818181818
87.9375,7.375
88.0,7.6
75.0,4.944444444444445
78.625,5.5
86.8,7.4
82.33333333333333,6.222222222222222
82.3157894736842,6.5
94.25,9.5
86.94117647058823,7.176470588235294
87.0,7.0
75.375,5.069444444444445
92.83333333333333,8.88888888888889
73.77272727272727,7.5
81.23529411764706,8.764705882352942
66.88372093023256,6.604651162790698
58.92857142857143,5.357142857142857
60.82658959537572,5.699421965317919
61.07692307692308,5.615384615384615
63.733333333333334,6.4
55.30555555555556,4.75
58.65217391304348,5.434782608695652
74.03333333333333,7.766666666666667
52.27272727272727,4.454545454545454
71.82352941176471,7.529411764705882
36.694117647058825,2.3411764705882354
60.36923076923077,5.6
50.19230769230769,4.1923076923076925
68.90243902439025,6.780487804878049
60.58620689655172,5.551724137931035
58.93150684931507,5.328767123287672
77.0,8.0
63.89411764705882,6.211764705882353
76.45454545454545,8.0
67.9090909090909,6.704545454545454
58.58064516129032,5.225806451612903
66.15789473684211,6.473684210526316
53.4,4.55
77.75,7.75
70.625,7.25
52.87301587301587,4.492063492063492
72.82608695652173,7.782608695652174
58.23529411764706,5.257352941176471
59.411764705882355,5.294117647058823
58.76136363636363,5.431818181818182
68.125,6.6875
77.57142857142857,8.142857142857142
69.14285714285714,6.964285714285714
73.02702702702703,7.5
63.490566037735846,6.056603773584905
77.0,8.13953488372093
67.0,6.8
77.0,8.0
69.27294117647058,6.852941176470588
63.810810810810814,6.27027027027027
67.51724137931035,6.827586206896552
58.85,5.375
58.248226950354606,5.347517730496454
32.88709677419355,2.032258064516129
65.57142857142857,6.428571428571429
46.370370370370374,3.3703703703703702
58.31428571428572,5.314285714285714
61.07843137254902,5.607843137254902
78.6470588235294,8.470588235294118
62.44512195121951,5.896341463414634
72.125,7.625
67.03389830508475,6.61864406779661
79.23529411764706,8.529411764705882
37.56603773584906,2.5283018867924527
56.19565217391305,4.913043478260869
61.3,5.9
69.03125,6.9375
62.656716417910445,5.970149253731344
70.55555555555556,7.388888888888889
63.90909090909091,6.363636363636363
65.0,6.615384615384615
54.57142857142857,4.857142857142857
49.157303370786515,4.112359550561798
64.66666666666667,6.555555555555555
42.26373626373626,3.010989010989011
33.2171052631579,2.0296052631578947
65.23809523809524,6.5
68.82608695652173,7.043478260869565
66.18604651162791,6.635658914728682
73.58333333333333,7.75
46.29032258064516,4.935483870967742
66.55555555555556,8.777777777777779
47.37931034482759,5.344827586206897
56.333333333333336,6.933333333333334
44.54545454545455,4.636363636363637
44.0,4.333333333333333
57.54545454545455,6.909090909090909
57.416666666666664,7.5
59.5,8.0
43.285714285714285,4.285714285714286
48.08,5.2
41.86666666666667,4.066666666666666
50.96296296296296,5.962962962962963
38.82608695652174,3.782608695652174
55.44444444444444,7.333333333333333
38.68181818181818,3.9545454545454546
33.0,2.5714285714285716
54.088235294117645,6.147058823529412
6.473684210526316,1.0
57.05882352941177,7.117647058823529
59.55555555555556,7.777777777777778
63.6,8.6
97.83333333333333,8.833333333333334
95.33333333333333,7.222222222222222
90.725,5.075
89.47058823529412,4.529411764705882
91.93333333333334,5.266666666666667
96.14285714285714,7.333333333333333
94.42647058823529,6.617647058823529
97.28571428571429,8.285714285714286
93.61538461538461,5.769230769230769
92.625,5.125
84.0945945945946,3.2432432432432434
92.44444444444444,5.527777777777778
83.91397849462365,3.6559139784946235
95.78947368421052,6.947368421052632
89.0,6.03030303030303
80.88,2.744
86.45,5.7
87.93548387096774,4.612903225806452
95.66666666666667,7.0
96.36363636363636,7.909090909090909
88.68181818181819,4.409090909090909
95.45454545454545,7.2727272727272725
95.3076923076923,6.846153846153846
95.0,6.85
77.0,2.0
76.42857142857143,3.380952380952381
92.22222222222223,5.777777777777778
95.0,7.0
97.92307692307692,8.76923076923077
97.3103448275862,8.310344827586206
97.84615384615384,9.0
66.41791044776119,2.253731343283582
77.42307692307692,3.5
94.65217391304348,6.826086956521739
93.42857142857143,6.214285714285714
90.52777777777777,6.055555555555555
93.27586206896552,6.137931034482759
96.4,7.7
94.41176470588235,6.764705882352941
93.25,5.958333333333333
97.52941176470588,8.529411764705882
97.14285714285714,8.238095238095237
97.83333333333333,8.833333333333334
90.55555555555556,4.888888888888889
94.77777777777777,7.111111111111111
91.06666666666666,5.2
92.61538461538461,6.038461538461538
98.0,9.0
96.375,8.25
94.02985074626865,7.373134328358209
96.45,8.35
92.6470588235294,5.647058823529412
95.53333333333333,7.533333333333333
96.07142857142857,7.928571428571429
97.11111111111111,8.722222222222221
96.08333333333333,7.916666666666667
97.2,8.4
94.2396694214876,6.867768595041323
94.53846153846153,6.846153846153846
85.25,4.083333333333333
89.52941176470588,4.882352941176471
95.2,7.333333333333333
97.72727272727273,9.0
97.57142857142857,9.047619047619047
78.1140350877193,3.6666666666666665
92.21739130434783,6.086956521739131
96.04,7.92
95.70588235294117,8.058823529411764
84.10526315789474,4.184210526315789
87.33928571428571,4.875
78.35,2.85
96.72727272727273,8.636363636363637
89.79166666666667,5.708333333333333
92.11428571428571,6.428571428571429
96.0,8.0
95.6470588235294,8.0
96.33333333333333,8.333333333333334
96.28,8.2
